#
# There is insufficient memory for the Java Runtime Environment to continue.
# Native memory allocation (malloc) failed to allocate 14666512 bytes. Error detail: Chunk::new
# Possible reasons:
#   The system is out of physical RAM or swap space
#   This process is running with CompressedOops enabled, and the Java Heap may be blocking the growth of the native heap
# Possible solutions:
#   Reduce memory load on the system
#   Increase physical memory or swap space
#   Check if swap backing store is full
#   Decrease Java heap size (-Xmx/-Xms)
#   Decrease number of Java threads
#   Decrease Java thread stack sizes (-Xss)
#   Set larger code cache with -XX:ReservedCodeCacheSize=
#   JVM is running with Unscaled Compressed Oops mode in which the Java heap is
#     placed in the first 4GB address space. The Java Heap base address is the
#     maximum limit for the native heap growth. Please use -XX:HeapBaseMinAddress
#     to set the Java Heap base and to place the Java Heap above 4GB virtual address.
# This output file may be truncated or incomplete.
#
#  Out of Memory Error (arena.cpp:162), pid=5840, tid=20012
#
# JRE version: Java(TM) SE Runtime Environment (24.0.1+9) (build 24.0.1+9-30)
# Java VM: Java HotSpot(TM) 64-Bit Server VM (24.0.1+9-30, mixed mode, sharing, tiered, compressed oops, compressed class ptrs, g1 gc, windows-amd64)
# No core dump will be written. Minidumps are not enabled by default on client versions of Windows
#

---------------  S U M M A R Y ------------

Command Line: --add-opens=java.base/java.lang=ALL-UNNAMED --add-opens=java.base/java.lang.invoke=ALL-UNNAMED --add-opens=java.base/java.util=ALL-UNNAMED --add-opens=java.prefs/java.util.prefs=ALL-UNNAMED --add-exports=jdk.compiler/com.sun.tools.javac.api=ALL-UNNAMED --add-exports=jdk.compiler/com.sun.tools.javac.util=ALL-UNNAMED --add-opens=java.base/java.nio.charset=ALL-UNNAMED --add-opens=java.base/java.net=ALL-UNNAMED --add-opens=java.base/java.util.concurrent=ALL-UNNAMED --add-opens=java.base/java.util.concurrent.atomic=ALL-UNNAMED --add-opens=java.xml/javax.xml.namespace=ALL-UNNAMED --add-opens=java.base/java.time=ALL-UNNAMED --enable-native-access=ALL-UNNAMED -XX:MaxMetaspaceSize=384m -XX:+HeapDumpOnOutOfMemoryError -Xms256m -Xmx512m -Dfile.encoding=UTF-8 -Duser.country=IN -Duser.language=en -Duser.variant -javaagent:C:\Users\abhil\.gradle\wrapper\dists\gradle-9.5.1-bin\iq79hdu3mqx29lgffhp8bfmx\gradle-9.5.1\lib\agents\gradle-instrumentation-agent-9.5.1.jar org.gradle.launcher.daemon.bootstrap.GradleDaemon 9.5.1

Host: AMD Ryzen 5 5625U with Radeon Graphics         , 12 cores, 15G,  Windows 11 , 64 bit Build 26100 (10.0.26100.9278)
Time: Mon Aug 31 19:19:05 2026 India Standard Time elapsed time: 114.755230 seconds (0d 0h 1m 54s)

---------------  T H R E A D  ---------------

Current thread (0x000001bec30f0840):  JavaThread "C2 CompilerThread1" daemon [_thread_in_native, id=20012, stack(0x000000351ec00000,0x000000351ed00000) (1024K)]


Current CompileTask:
C2:114755 17396       4       io.spring.gradle.dependencymanagement.org.apache.maven.model.io.xpp3.MavenXpp3Reader::parseModel (1606 bytes)

Stack: [0x000000351ec00000,0x000000351ed00000]
Native frames: (J=compiled Java code, j=interpreted, Vv=VM code, C=native code)
V  [jvm.dll+0x730739]  (no source info available)
V  [jvm.dll+0x8d9b23]  (no source info available)
V  [jvm.dll+0x8dc00d]  (no source info available)
V  [jvm.dll+0x8dc683]  (no source info available)
V  [jvm.dll+0x2aa086]  (no source info available)
V  [jvm.dll+0xcedef]  (no source info available)
V  [jvm.dll+0xcf04f]  (no source info available)
V  [jvm.dll+0x154d83]  (no source info available)
V  [jvm.dll+0x735f5f]  (no source info available)
V  [jvm.dll+0x26fa1c]  (no source info available)
V  [jvm.dll+0x26ea3f]  (no source info available)
V  [jvm.dll+0x1e9d60]  (no source info available)
V  [jvm.dll+0x27e1fb]  (no source info available)
V  [jvm.dll+0x27c49a]  (no source info available)
V  [jvm.dll+0x42f456]  (no source info available)
V  [jvm.dll+0x87d76b]  (no source info available)
V  [jvm.dll+0x72ee55]  (no source info available)
C  [ucrtbase.dll+0x2cd30]  (no source info available)
C  [KERNEL32.DLL+0x2ccb7]  (no source info available)
C  [ntdll.dll+0xacaec]  (no source info available)

Lock stack of current Java thread (top to bottom):


---------------  P R O C E S S  ---------------

Threads class SMR info:
_java_thread_list=0x000001bec45d17c0, length=90, elements={
0x000001be897a7100, 0x000001bea703d940, 0x000001bea703e280, 0x000001bea7050fe0,
0x000001bea7052c50, 0x000001bea7053a00, 0x000001bea7056540, 0x000001bea7059dd0,
0x000001bea706d100, 0x000001bea73071b0, 0x000001bea73690a0, 0x000001bec23446b0,
0x000001bec2395ac0, 0x000001bec23cd310, 0x000001bec23ccbc0, 0x000001bec305ced0,
0x000001bec305b8e0, 0x000001bec305c030, 0x000001bec305aa40, 0x000001bec305b190,
0x000001bec305d620, 0x000001bec305dd70, 0x000001bec11696e0, 0x000001bec116acd0,
0x000001bec11679a0, 0x000001bec116b420, 0x000001bec1169e30, 0x000001bec11680f0,
0x000001bec116bb70, 0x000001bec1168840, 0x000001bec116c2c0, 0x000001bec1168f90,
0x000001bec116d160, 0x000001bec116d8b0, 0x000001bec116e000, 0x000001bec3380bc0,
0x000001bec39a30b0, 0x000001bec399fd80, 0x000001bec39a3f50, 0x000001bec39a3800,
0x000001bec39a7280, 0x000001bec39a4df0, 0x000001bec39a46a0, 0x000001bec39a6b30,
0x000001bec39a5c90, 0x000001bec39a63e0, 0x000001bec39a5540, 0x000001bec55cd090,
0x000001bec55cd7e0, 0x000001bec55ca4b0, 0x000001bec55cfc70, 0x000001bec55cdf30,
0x000001bec116e750, 0x000001bec116eea0, 0x000001bec337d890, 0x000001bec337c9f0,
0x000001bec337d140, 0x000001bec337dfe0, 0x000001bec337e730, 0x000001bec337ee80,
0x000001bec337c2a0, 0x000001bec30f0840, 0x000001bec337bb50, 0x000001bec337f5d0,
0x000001bec3381a60, 0x000001bec337fd20, 0x000001bec3383050, 0x000001bec55c8ec0,
0x000001bec55c9610, 0x000001bec55cc940, 0x000001bec55c9d60, 0x000001bec55cac00,
0x000001bec55ce680, 0x000001bec55cbaa0, 0x000001bec55cb350, 0x000001bec55cf520,
0x000001bec55cc1f0, 0x000001bec55d03c0, 0x000001bec5752dc0, 0x000001bec57517d0,
0x000001bec5753510, 0x000001bec5753c60, 0x000001bec57543b0, 0x000001bec5757e30,
0x000001bec5758580, 0x000001bec23cda60, 0x000001bec23ce1b0, 0x000001bec23cb5d0,
0x000001bec5693fe0, 0x000001bec23cc470
}

Java Threads: ( => current thread )
  0x000001be897a7100 JavaThread "main"                              [_thread_blocked, id=11940, stack(0x000000351c000000,0x000000351c100000) (1024K)]
  0x000001bea703d940 JavaThread "Reference Handler"          daemon [_thread_blocked, id=21384, stack(0x000000351c800000,0x000000351c900000) (1024K)]
  0x000001bea703e280 JavaThread "Finalizer"                  daemon [_thread_blocked, id=656, stack(0x000000351c900000,0x000000351ca00000) (1024K)]
  0x000001bea7050fe0 JavaThread "Signal Dispatcher"          daemon [_thread_blocked, id=25868, stack(0x000000351ca00000,0x000000351cb00000) (1024K)]
  0x000001bea7052c50 JavaThread "Attach Listener"            daemon [_thread_blocked, id=15320, stack(0x000000351cb00000,0x000000351cc00000) (1024K)]
  0x000001bea7053a00 JavaThread "Service Thread"             daemon [_thread_blocked, id=23392, stack(0x000000351cc00000,0x000000351cd00000) (1024K)]
  0x000001bea7056540 JavaThread "Monitor Deflation Thread"   daemon [_thread_blocked, id=27064, stack(0x000000351cd00000,0x000000351ce00000) (1024K)]
  0x000001bea7059dd0 JavaThread "C2 CompilerThread0"         daemon [_thread_blocked, id=26688, stack(0x000000351ce00000,0x000000351cf00000) (1024K)]
  0x000001bea706d100 JavaThread "C1 CompilerThread0"         daemon [_thread_blocked, id=19848, stack(0x000000351cf00000,0x000000351d000000) (1024K)]
  0x000001bea73071b0 JavaThread "Common-Cleaner"             daemon [_thread_blocked, id=11784, stack(0x000000351d000000,0x000000351d100000) (1024K)]
  0x000001bea73690a0 JavaThread "Notification Thread"        daemon [_thread_blocked, id=12268, stack(0x000000351d100000,0x000000351d200000) (1024K)]
  0x000001bec23446b0 JavaThread "Daemon health stats"               [_thread_blocked, id=14636, stack(0x000000351d800000,0x000000351d900000) (1024K)]
  0x000001bec2395ac0 JavaThread "Incoming local TCP Connector on port 54313"        [_thread_in_native, id=3028, stack(0x000000351d900000,0x000000351da00000) (1024K)]
  0x000001bec23cd310 JavaThread "Daemon periodic checks"            [_thread_blocked, id=21816, stack(0x000000351da00000,0x000000351db00000) (1024K)]
  0x000001bec23ccbc0 JavaThread "Daemon worker"                     [_thread_blocked, id=21248, stack(0x000000351de00000,0x000000351df00000) (1024K)]
  0x000001bec305ced0 JavaThread "Cache worker for journal cache (C:\Users\abhil\.gradle\caches\journal-1)"        [_thread_blocked, id=10372, stack(0x000000351e200000,0x000000351e300000) (1024K)]
  0x000001bec305b8e0 JavaThread "File lock request listener"        [_thread_in_native, id=21432, stack(0x000000351e300000,0x000000351e400000) (1024K)]
  0x000001bec305c030 JavaThread "Cache worker for file hash cache (C:\Users\abhil\.gradle\caches\9.5.1\fileHashes)"        [_thread_blocked, id=21080, stack(0x000000351e400000,0x000000351e500000) (1024K)]
  0x000001bec305aa40 JavaThread "File watcher server"        daemon [_thread_in_native, id=22540, stack(0x000000351ed00000,0x000000351ee00000) (1024K)]
  0x000001bec305b190 JavaThread "File watcher consumer"      daemon [_thread_blocked, id=23240, stack(0x000000351ee00000,0x000000351ef00000) (1024K)]
  0x000001bec305d620 JavaThread "VFS cleanup"                       [_thread_blocked, id=23116, stack(0x000000351df00000,0x000000351e000000) (1024K)]
  0x000001bec305dd70 JavaThread "Daemon Thread 2"                   [_thread_blocked, id=5388, stack(0x000000351dc00000,0x000000351dd00000) (1024K)]
  0x000001bec11696e0 JavaThread "jar transforms"                    [_thread_blocked, id=25416, stack(0x000000351f000000,0x000000351f100000) (1024K)]
  0x000001bec116acd0 JavaThread "jar transforms Thread 2"           [_thread_blocked, id=24108, stack(0x000000351f100000,0x000000351f200000) (1024K)]
  0x000001bec11679a0 JavaThread "jar transforms Thread 3"           [_thread_blocked, id=5312, stack(0x000000351f200000,0x000000351f300000) (1024K)]
  0x000001bec116b420 JavaThread "jar transforms Thread 4"           [_thread_blocked, id=11208, stack(0x000000351f300000,0x000000351f400000) (1024K)]
  0x000001bec1169e30 JavaThread "jar transforms Thread 5"           [_thread_blocked, id=21456, stack(0x000000351f400000,0x000000351f500000) (1024K)]
  0x000001bec11680f0 JavaThread "jar transforms Thread 6"           [_thread_blocked, id=11852, stack(0x000000351f500000,0x000000351f600000) (1024K)]
  0x000001bec116bb70 JavaThread "jar transforms Thread 7"           [_thread_blocked, id=25372, stack(0x000000351f600000,0x000000351f700000) (1024K)]
  0x000001bec1168840 JavaThread "jar transforms Thread 8"           [_thread_blocked, id=24720, stack(0x000000351f700000,0x000000351f800000) (1024K)]
  0x000001bec116c2c0 JavaThread "jar transforms Thread 9"           [_thread_blocked, id=17756, stack(0x000000351f800000,0x000000351f900000) (1024K)]
  0x000001bec1168f90 JavaThread "jar transforms Thread 10"          [_thread_blocked, id=8472, stack(0x000000351f900000,0x000000351fa00000) (1024K)]
  0x000001bec116d160 JavaThread "jar transforms Thread 11"          [_thread_blocked, id=16136, stack(0x000000351fa00000,0x000000351fb00000) (1024K)]
  0x000001bec116d8b0 JavaThread "jar transforms Thread 12"          [_thread_blocked, id=1168, stack(0x000000351fb00000,0x000000351fc00000) (1024K)]
  0x000001bec116e000 JavaThread "Cache worker for file content cache (C:\Users\abhil\.gradle\caches\9.5.1\fileContent)"        [_thread_blocked, id=24168, stack(0x000000351fd00000,0x000000351fe00000) (1024K)]
  0x000001bec3380bc0 JavaThread "Memory manager"                    [_thread_blocked, id=8024, stack(0x0000003520e00000,0x0000003520f00000) (1024K)]
  0x000001bec39a30b0 JavaThread "ForkJoinPool.commonPool-worker-1" daemon [_thread_blocked, id=28112, stack(0x0000003521d00000,0x0000003521e00000) (1024K)]
  0x000001bec399fd80 JavaThread "ForkJoinPool.commonPool-worker-2" daemon [_thread_blocked, id=22488, stack(0x0000003521e00000,0x0000003521f00000) (1024K)]
  0x000001bec39a3f50 JavaThread "ForkJoinPool.commonPool-worker-3" daemon [_thread_blocked, id=13236, stack(0x0000003521f00000,0x0000003522000000) (1024K)]
  0x000001bec39a3800 JavaThread "ForkJoinPool.commonPool-worker-4" daemon [_thread_blocked, id=17960, stack(0x0000003522000000,0x0000003522100000) (1024K)]
  0x000001bec39a7280 JavaThread "ForkJoinPool.commonPool-worker-5" daemon [_thread_blocked, id=19988, stack(0x0000003522100000,0x0000003522200000) (1024K)]
  0x000001bec39a4df0 JavaThread "ForkJoinPool.commonPool-worker-6" daemon [_thread_blocked, id=27392, stack(0x0000003522200000,0x0000003522300000) (1024K)]
  0x000001bec39a46a0 JavaThread "ForkJoinPool.commonPool-worker-7" daemon [_thread_blocked, id=22588, stack(0x0000003522300000,0x0000003522400000) (1024K)]
  0x000001bec39a6b30 JavaThread "ForkJoinPool.commonPool-worker-9" daemon [_thread_blocked, id=21440, stack(0x0000003522400000,0x0000003522500000) (1024K)]
  0x000001bec39a5c90 JavaThread "ForkJoinPool.commonPool-worker-8" daemon [_thread_blocked, id=26220, stack(0x0000003522500000,0x0000003522600000) (1024K)]
  0x000001bec39a63e0 JavaThread "ForkJoinPool.commonPool-worker-10" daemon [_thread_blocked, id=21500, stack(0x0000003522600000,0x0000003522700000) (1024K)]
  0x000001bec39a5540 JavaThread "ForkJoinPool.commonPool-worker-11" daemon [_thread_blocked, id=28008, stack(0x0000003522700000,0x0000003522800000) (1024K)]
  0x000001bec55cd090 JavaThread "Cache worker for Java compile cache (C:\Users\abhil\.gradle\caches\9.5.1\javaCompile)"        [_thread_blocked, id=24828, stack(0x0000003521c00000,0x0000003521d00000) (1024K)]
  0x000001bec55cd7e0 JavaThread "Exec process"                      [_thread_in_native, id=24608, stack(0x0000003522c00000,0x0000003522d00000) (1024K)]
  0x000001bec55ca4b0 JavaThread "Exec process Thread 2"             [_thread_blocked, id=26556, stack(0x0000003522e00000,0x0000003522f00000) (1024K)]
  0x000001bec55cfc70 JavaThread "Exec process Thread 3"             [_thread_in_native, id=7976, stack(0x0000003522d00000,0x0000003522e00000) (1024K)]
  0x000001bec55cdf30 JavaThread "Exec process Thread 4"             [_thread_in_native, id=15148, stack(0x0000003522f00000,0x0000003523000000) (1024K)]
  0x000001bec116e750 JavaThread "Handler for socket connection from /127.0.0.1:54313 to /127.0.0.1:52782"        [_thread_in_native, id=2976, stack(0x000000351bd00000,0x000000351be00000) (1024K)]
  0x000001bec116eea0 JavaThread "Cancel handler"                    [_thread_blocked, id=15828, stack(0x000000351be00000,0x000000351bf00000) (1024K)]
  0x000001bec337d890 JavaThread "Asynchronous log dispatcher for DefaultDaemonConnection: socket connection from /127.0.0.1:54313 to /127.0.0.1:52782"        [_thread_blocked, id=27140, stack(0x000000351bf00000,0x000000351c000000) (1024K)]
  0x000001bec337c9f0 JavaThread "Stdin handler"                     [_thread_blocked, id=4584, stack(0x000000351d700000,0x000000351d800000) (1024K)]
  0x000001bec337d140 JavaThread "Daemon client event forwarder"        [_thread_blocked, id=23792, stack(0x000000351db00000,0x000000351dc00000) (1024K)]
  0x000001bec337dfe0 JavaThread "Cache worker for file hash cache (D:\RideFlow\ReviewService\.gradle\9.5.1\fileHashes)"        [_thread_blocked, id=6432, stack(0x000000351dd00000,0x000000351de00000) (1024K)]
  0x000001bec337e730 JavaThread "Cache worker for Build Output Cleanup Cache (D:\RideFlow\ReviewService\.gradle\buildOutputCleanup)"        [_thread_blocked, id=21400, stack(0x000000351e000000,0x000000351e100000) (1024K)]
  0x000001bec337ee80 JavaThread "Cache worker for checksums cache (D:\RideFlow\ReviewService\.gradle\9.5.1\checksums)"        [_thread_blocked, id=24244, stack(0x000000351e100000,0x000000351e200000) (1024K)]
  0x000001bec337c2a0 JavaThread "Cache worker for cache directory md-supplier (C:\Users\abhil\.gradle\caches\9.5.1\md-supplier)"        [_thread_blocked, id=22516, stack(0x000000351e500000,0x000000351e600000) (1024K)]
=>0x000001bec30f0840 JavaThread "C2 CompilerThread1"         daemon [_thread_in_native, id=20012, stack(0x000000351ec00000,0x000000351ed00000) (1024K)]
  0x000001bec337bb50 JavaThread "Cache worker for cache directory md-rule (C:\Users\abhil\.gradle\caches\9.5.1\md-rule)"        [_thread_blocked, id=23972, stack(0x000000351ef00000,0x000000351f000000) (1024K)]
  0x000001bec337f5d0 JavaThread "Build operations"                  [_thread_blocked, id=24768, stack(0x000000351fc00000,0x000000351fd00000) (1024K)]
  0x000001bec3381a60 JavaThread "Build operations Thread 2"         [_thread_blocked, id=21164, stack(0x000000351fe00000,0x000000351ff00000) (1024K)]
  0x000001bec337fd20 JavaThread "Build operations Thread 3"         [_thread_blocked, id=22228, stack(0x000000351ff00000,0x0000003520000000) (1024K)]
  0x000001bec3383050 JavaThread "Build operations Thread 4"         [_thread_blocked, id=12048, stack(0x0000003520000000,0x0000003520100000) (1024K)]
  0x000001bec55c8ec0 JavaThread "Build operations Thread 5"         [_thread_blocked, id=25620, stack(0x0000003520100000,0x0000003520200000) (1024K)]
  0x000001bec55c9610 JavaThread "Build operations Thread 6"         [_thread_blocked, id=2288, stack(0x0000003520200000,0x0000003520300000) (1024K)]
  0x000001bec55cc940 JavaThread "Build operations Thread 7"         [_thread_blocked, id=23376, stack(0x0000003520300000,0x0000003520400000) (1024K)]
  0x000001bec55c9d60 JavaThread "Build operations Thread 8"         [_thread_blocked, id=4856, stack(0x0000003520400000,0x0000003520500000) (1024K)]
  0x000001bec55cac00 JavaThread "Build operations Thread 9"         [_thread_blocked, id=23888, stack(0x0000003520500000,0x0000003520600000) (1024K)]
  0x000001bec55ce680 JavaThread "Build operations Thread 10"        [_thread_blocked, id=21560, stack(0x0000003520600000,0x0000003520700000) (1024K)]
  0x000001bec55cbaa0 JavaThread "Build operations Thread 11"        [_thread_blocked, id=20624, stack(0x0000003520700000,0x0000003520800000) (1024K)]
  0x000001bec55cb350 JavaThread "Build operations Thread 12"        [_thread_blocked, id=24360, stack(0x0000003520800000,0x0000003520900000) (1024K)]
  0x000001bec55cf520 JavaThread "included builds"                   [_thread_blocked, id=15760, stack(0x0000003520900000,0x0000003520a00000) (1024K)]
  0x000001bec55cc1f0 JavaThread "Execution worker"                  [_thread_blocked, id=27524, stack(0x0000003520a00000,0x0000003520b00000) (1024K)]
  0x000001bec55d03c0 JavaThread "Execution worker Thread 2"         [_thread_blocked, id=22896, stack(0x0000003520b00000,0x0000003520c00000) (1024K)]
  0x000001bec5752dc0 JavaThread "Execution worker Thread 3"         [_thread_blocked, id=9448, stack(0x0000003520c00000,0x0000003520d00000) (1024K)]
  0x000001bec57517d0 JavaThread "Execution worker Thread 4"         [_thread_blocked, id=25008, stack(0x0000003520d00000,0x0000003520e00000) (1024K)]
  0x000001bec5753510 JavaThread "Execution worker Thread 5"         [_thread_blocked, id=28580, stack(0x0000003520f00000,0x0000003521000000) (1024K)]
  0x000001bec5753c60 JavaThread "Execution worker Thread 6"         [_thread_blocked, id=6844, stack(0x0000003521000000,0x0000003521100000) (1024K)]
  0x000001bec57543b0 JavaThread "Execution worker Thread 7"         [_thread_blocked, id=28316, stack(0x0000003521100000,0x0000003521200000) (1024K)]
  0x000001bec5757e30 JavaThread "Execution worker Thread 8"         [_thread_blocked, id=23508, stack(0x0000003521200000,0x0000003521300000) (1024K)]
  0x000001bec5758580 JavaThread "Execution worker Thread 9"         [_thread_blocked, id=716, stack(0x0000003521300000,0x0000003521400000) (1024K)]
  0x000001bec23cda60 JavaThread "Execution worker Thread 10"        [_thread_blocked, id=6300, stack(0x0000003521400000,0x0000003521500000) (1024K)]
  0x000001bec23ce1b0 JavaThread "Execution worker Thread 11"        [_thread_blocked, id=24568, stack(0x0000003521500000,0x0000003521600000) (1024K)]
  0x000001bec23cb5d0 JavaThread "Cache worker for execution history cache (D:\RideFlow\ReviewService\.gradle\9.5.1\executionHistory)"        [_thread_blocked, id=19912, stack(0x0000003521600000,0x0000003521700000) (1024K)]
  0x000001bec5693fe0 JavaThread "C2 CompilerThread2"         daemon [_thread_blocked, id=25068, stack(0x0000003521700000,0x0000003521800000) (1024K)]
  0x000001bec23cc470 JavaThread "Incoming local TCP Connector on port 50346"        [_thread_in_native, id=25552, stack(0x0000003521800000,0x0000003521900000) (1024K)]
Total: 90

Other Threads:
  0x000001bea702f7a0 VMThread "VM Thread"                           [id=18452, stack(0x000000351c700000,0x000000351c800000) (1024K)]
  0x000001bea70253f0 WatcherThread "VM Periodic Task Thread"        [id=18324, stack(0x000000351c600000,0x000000351c700000) (1024K)]
  0x000001be8bb2b040 WorkerThread "GC Thread#0"                     [id=22460, stack(0x000000351c100000,0x000000351c200000) (1024K)]
  0x000001bec1667100 WorkerThread "GC Thread#1"                     [id=10948, stack(0x000000351d200000,0x000000351d300000) (1024K)]
  0x000001bec16674b0 WorkerThread "GC Thread#2"                     [id=12612, stack(0x000000351d300000,0x000000351d400000) (1024K)]
  0x000001bec1667860 WorkerThread "GC Thread#3"                     [id=27764, stack(0x000000351d400000,0x000000351d500000) (1024K)]
  0x000001bec1667c10 WorkerThread "GC Thread#4"                     [id=20488, stack(0x000000351d500000,0x000000351d600000) (1024K)]
  0x000001bec1667fc0 WorkerThread "GC Thread#5"                     [id=23956, stack(0x000000351d600000,0x000000351d700000) (1024K)]
  0x000001bec1fb2a60 WorkerThread "GC Thread#6"                     [id=18428, stack(0x000000351e600000,0x000000351e700000) (1024K)]
  0x000001bec1fb1f50 WorkerThread "GC Thread#7"                     [id=24516, stack(0x000000351e700000,0x000000351e800000) (1024K)]
  0x000001bec1fb1440 WorkerThread "GC Thread#8"                     [id=18228, stack(0x000000351e800000,0x000000351e900000) (1024K)]
  0x000001bec1fb2300 WorkerThread "GC Thread#9"                     [id=14804, stack(0x000000351e900000,0x000000351ea00000) (1024K)]
  0x000001be8bb31d10 ConcurrentGCThread "G1 Main Marker"            [id=23192, stack(0x000000351c200000,0x000000351c300000) (1024K)]
  0x000001be8bb33ee0 WorkerThread "G1 Conc#0"                       [id=10860, stack(0x000000351c300000,0x000000351c400000) (1024K)]
  0x000001bec1fb26b0 WorkerThread "G1 Conc#1"                       [id=9672, stack(0x000000351ea00000,0x000000351eb00000) (1024K)]
  0x000001bec1fb17f0 WorkerThread "G1 Conc#2"                       [id=20220, stack(0x000000351eb00000,0x000000351ec00000) (1024K)]
  0x000001bea6f6eac0 ConcurrentGCThread "G1 Refine#0"               [id=7680, stack(0x000000351c400000,0x000000351c500000) (1024K)]
  0x000001bea6f71310 ConcurrentGCThread "G1 Service"                [id=25520, stack(0x000000351c500000,0x000000351c600000) (1024K)]
Total: 18

Threads with active compile tasks:
C2 CompilerThread1  114861 17396       4       io.spring.gradle.dependencymanagement.org.apache.maven.model.io.xpp3.MavenXpp3Reader::parseModel (1606 bytes)
Total: 1

VM state: not at safepoint (normal execution)

VM Mutex/Monitor currently owned by a thread: None

Heap address: 0x00000000e0000000, size: 512 MB, Compressed Oops mode: 32-bit

CDS archive(s) mapped at: [0x000001bea8000000-0x000001bea8d40000-0x000001bea8d40000), size 13893632, SharedBaseAddress: 0x000001bea8000000, ArchiveRelocationMode: 1.
Compressed class space mapped at: 0x000001bea9000000-0x000001bebd000000, reserved size: 335544320
UseCompressedClassPointers 1, UseCompactObjectHeaders 0
Narrow klass pointer bits 32, Max shift 3
Narrow klass base: 0x000001bea8000000, Narrow klass shift: 0
Encoding Range: [0x000001bea8000000 - 0x000001bfa8000000), (4294967296 bytes)
Klass Range:    [0x000001bea8000000 - 0x000001bebd000000), (352321536 bytes)
Klass ID Range:  [8 - 352321529) (352321521)

GC Precious Log:
 CardTable entry size: 512
 Card Set container configuration: InlinePtr #cards 5 size 8 Array Of Cards #cards 10 size 36 Howl #buckets 4 coarsen threshold 1843 Howl Bitmap #cards 512 size 80 coarsen threshold 460 Card regions per heap region 1 cards per card region 2048
 CPUs: 12 total, 12 available
 Memory: 15712M
 Large Page Support: Disabled
 NUMA Support: Disabled
 Compressed Oops: Enabled (32-bit)
 Heap Region Size: 1M
 Heap Min Capacity: 256M
 Heap Initial Capacity: 256M
 Heap Max Capacity: 512M
 Pre-touch: Disabled
 Parallel Workers: 10
 Concurrent Workers: 3
 Concurrent Refinement Workers: 10
 Periodic GC: Disabled

Heap:
 garbage-first heap   total reserved 524288K, committed 262144K, used 145754K [0x00000000e0000000, 0x0000000100000000)
  region size 1024K, 52 young (53248K), 11 survivors (11264K)
 Metaspace       used 86021K, committed 88512K, reserved 458752K
  class space    used 10019K, committed 11200K, reserved 327680K

Heap Regions: E=young(eden), S=young(survivor), O=old, HS=humongous(starts), HC=humongous(continues), CS=collection set, F=free, TAMS=top-at-mark-start, PB=parsable bottom
|   0|0x00000000e0000000, 0x00000000e0100000, 0x00000000e0100000|100%|HS|  |TAMS 0x00000000e0000000| PB 0x00000000e0000000| Complete |  0
|   1|0x00000000e0100000, 0x00000000e0200000, 0x00000000e0200000|100%|HC|  |TAMS 0x00000000e0100000| PB 0x00000000e0100000| Complete |  0
|   2|0x00000000e0200000, 0x00000000e0300000, 0x00000000e0300000|100%|HC|  |TAMS 0x00000000e0200000| PB 0x00000000e0200000| Complete |  0
|   3|0x00000000e0300000, 0x00000000e0400000, 0x00000000e0400000|100%|HC|  |TAMS 0x00000000e0300000| PB 0x00000000e0300000| Complete |  0
|   4|0x00000000e0400000, 0x00000000e0500000, 0x00000000e0500000|100%| O|  |TAMS 0x00000000e0400000| PB 0x00000000e0400000| Untracked |  0
|   5|0x00000000e0500000, 0x00000000e0600000, 0x00000000e0600000|100%| O|  |TAMS 0x00000000e0500000| PB 0x00000000e0500000| Untracked |  0
|   6|0x00000000e0600000, 0x00000000e0700000, 0x00000000e0700000|100%|HS|  |TAMS 0x00000000e0600000| PB 0x00000000e0600000| Complete |  0
|   7|0x00000000e0700000, 0x00000000e0800000, 0x00000000e0800000|100%| O|  |TAMS 0x00000000e0700000| PB 0x00000000e0700000| Untracked |  0
|   8|0x00000000e0800000, 0x00000000e0900000, 0x00000000e0900000|100%| O|  |TAMS 0x00000000e0800000| PB 0x00000000e0800000| Untracked |  0
|   9|0x00000000e0900000, 0x00000000e0a00000, 0x00000000e0a00000|100%| O|  |TAMS 0x00000000e0900000| PB 0x00000000e0900000| Untracked |  0
|  10|0x00000000e0a00000, 0x00000000e0b00000, 0x00000000e0b00000|100%| O|  |TAMS 0x00000000e0a00000| PB 0x00000000e0a00000| Untracked |  0
|  11|0x00000000e0b00000, 0x00000000e0c00000, 0x00000000e0c00000|100%| O|  |TAMS 0x00000000e0b00000| PB 0x00000000e0b00000| Untracked |  0
|  12|0x00000000e0c00000, 0x00000000e0d00000, 0x00000000e0d00000|100%| O|  |TAMS 0x00000000e0c00000| PB 0x00000000e0c00000| Untracked |  0
|  13|0x00000000e0d00000, 0x00000000e0e00000, 0x00000000e0e00000|100%| O|  |TAMS 0x00000000e0d00000| PB 0x00000000e0d00000| Untracked |  0
|  14|0x00000000e0e00000, 0x00000000e0f00000, 0x00000000e0f00000|100%| O|  |TAMS 0x00000000e0e00000| PB 0x00000000e0e00000| Untracked |  0
|  15|0x00000000e0f00000, 0x00000000e1000000, 0x00000000e1000000|100%| O|  |TAMS 0x00000000e0f00000| PB 0x00000000e0f00000| Untracked |  0
|  16|0x00000000e1000000, 0x00000000e1100000, 0x00000000e1100000|100%| O|  |TAMS 0x00000000e1000000| PB 0x00000000e1000000| Untracked |  0
|  17|0x00000000e1100000, 0x00000000e1200000, 0x00000000e1200000|100%|HS|  |TAMS 0x00000000e1100000| PB 0x00000000e1100000| Complete |  0
|  18|0x00000000e1200000, 0x00000000e1300000, 0x00000000e1300000|100%|HC|  |TAMS 0x00000000e1200000| PB 0x00000000e1200000| Complete |  0
|  19|0x00000000e1300000, 0x00000000e1400000, 0x00000000e1400000|100%|HC|  |TAMS 0x00000000e1300000| PB 0x00000000e1300000| Complete |  0
|  20|0x00000000e1400000, 0x00000000e1500000, 0x00000000e1500000|100%|HC|  |TAMS 0x00000000e1400000| PB 0x00000000e1400000| Complete |  0
|  21|0x00000000e1500000, 0x00000000e1600000, 0x00000000e1600000|100%|HC|  |TAMS 0x00000000e1500000| PB 0x00000000e1500000| Complete |  0
|  22|0x00000000e1600000, 0x00000000e1700000, 0x00000000e1700000|100%|HC|  |TAMS 0x00000000e1600000| PB 0x00000000e1600000| Complete |  0
|  23|0x00000000e1700000, 0x00000000e1800000, 0x00000000e1800000|100%|HS|  |TAMS 0x00000000e1700000| PB 0x00000000e1700000| Complete |  0
|  24|0x00000000e1800000, 0x00000000e1900000, 0x00000000e1900000|100%|HS|  |TAMS 0x00000000e1800000| PB 0x00000000e1800000| Complete |  0
|  25|0x00000000e1900000, 0x00000000e1a00000, 0x00000000e1a00000|100%|HS|  |TAMS 0x00000000e1900000| PB 0x00000000e1900000| Complete |  0
|  26|0x00000000e1a00000, 0x00000000e1b00000, 0x00000000e1b00000|100%|HC|  |TAMS 0x00000000e1a00000| PB 0x00000000e1a00000| Complete |  0
|  27|0x00000000e1b00000, 0x00000000e1c00000, 0x00000000e1c00000|100%|HC|  |TAMS 0x00000000e1b00000| PB 0x00000000e1b00000| Complete |  0
|  28|0x00000000e1c00000, 0x00000000e1d00000, 0x00000000e1d00000|100%|HC|  |TAMS 0x00000000e1c00000| PB 0x00000000e1c00000| Complete |  0
|  29|0x00000000e1d00000, 0x00000000e1e00000, 0x00000000e1e00000|100%|HC|  |TAMS 0x00000000e1d00000| PB 0x00000000e1d00000| Complete |  0
|  30|0x00000000e1e00000, 0x00000000e1f00000, 0x00000000e1f00000|100%|HC|  |TAMS 0x00000000e1e00000| PB 0x00000000e1e00000| Complete |  0
|  31|0x00000000e1f00000, 0x00000000e2000000, 0x00000000e2000000|100%|HS|  |TAMS 0x00000000e1f00000| PB 0x00000000e1f00000| Complete |  0
|  32|0x00000000e2000000, 0x00000000e2100000, 0x00000000e2100000|100%|HS|  |TAMS 0x00000000e2000000| PB 0x00000000e2000000| Complete |  0
|  33|0x00000000e2100000, 0x00000000e2200000, 0x00000000e2200000|100%| O|  |TAMS 0x00000000e2100000| PB 0x00000000e2100000| Untracked |  0
|  34|0x00000000e2200000, 0x00000000e2300000, 0x00000000e2300000|100%| O|  |TAMS 0x00000000e2200000| PB 0x00000000e2200000| Untracked |  0
|  35|0x00000000e2300000, 0x00000000e2400000, 0x00000000e2400000|100%| O|  |TAMS 0x00000000e2300000| PB 0x00000000e2300000| Untracked |  0
|  36|0x00000000e2400000, 0x00000000e2500000, 0x00000000e2500000|100%| O|  |TAMS 0x00000000e2400000| PB 0x00000000e2400000| Untracked |  0
|  37|0x00000000e2500000, 0x00000000e2600000, 0x00000000e2600000|100%| O|  |TAMS 0x00000000e2500000| PB 0x00000000e2500000| Untracked |  0
|  38|0x00000000e2600000, 0x00000000e2700000, 0x00000000e2700000|100%| O|  |TAMS 0x00000000e2600000| PB 0x00000000e2600000| Untracked |  0
|  39|0x00000000e2700000, 0x00000000e2800000, 0x00000000e2800000|100%| O|  |TAMS 0x00000000e2700000| PB 0x00000000e2700000| Untracked |  0
|  40|0x00000000e2800000, 0x00000000e2900000, 0x00000000e2900000|100%| O|  |TAMS 0x00000000e2800000| PB 0x00000000e2800000| Untracked |  0
|  41|0x00000000e2900000, 0x00000000e2a00000, 0x00000000e2a00000|100%| O|  |TAMS 0x00000000e2900000| PB 0x00000000e2900000| Untracked |  0
|  42|0x00000000e2a00000, 0x00000000e2b00000, 0x00000000e2b00000|100%| O|  |TAMS 0x00000000e2a00000| PB 0x00000000e2a00000| Untracked |  0
|  43|0x00000000e2b00000, 0x00000000e2c00000, 0x00000000e2c00000|100%| O|  |TAMS 0x00000000e2b00000| PB 0x00000000e2b00000| Untracked |  0
|  44|0x00000000e2c00000, 0x00000000e2d00000, 0x00000000e2d00000|100%| O|  |TAMS 0x00000000e2c00000| PB 0x00000000e2c00000| Untracked |  0
|  45|0x00000000e2d00000, 0x00000000e2e00000, 0x00000000e2e00000|100%| O|  |TAMS 0x00000000e2d00000| PB 0x00000000e2d00000| Untracked |  0
|  46|0x00000000e2e00000, 0x00000000e2f00000, 0x00000000e2f00000|100%| O|  |TAMS 0x00000000e2e00000| PB 0x00000000e2e00000| Untracked |  0
|  47|0x00000000e2f00000, 0x00000000e3000000, 0x00000000e3000000|100%| O|  |TAMS 0x00000000e2f00000| PB 0x00000000e2f00000| Untracked |  0
|  48|0x00000000e3000000, 0x00000000e3100000, 0x00000000e3100000|100%| O|  |TAMS 0x00000000e3000000| PB 0x00000000e3000000| Untracked |  0
|  49|0x00000000e3100000, 0x00000000e3200000, 0x00000000e3200000|100%| O|  |TAMS 0x00000000e3100000| PB 0x00000000e3100000| Untracked |  0
|  50|0x00000000e3200000, 0x00000000e3300000, 0x00000000e3300000|100%| O|  |TAMS 0x00000000e3200000| PB 0x00000000e3200000| Untracked |  0
|  51|0x00000000e3300000, 0x00000000e3400000, 0x00000000e3400000|100%| O|  |TAMS 0x00000000e3300000| PB 0x00000000e3300000| Untracked |  0
|  52|0x00000000e3400000, 0x00000000e3500000, 0x00000000e3500000|100%| O|  |TAMS 0x00000000e3400000| PB 0x00000000e3400000| Untracked |  0
|  53|0x00000000e3500000, 0x00000000e3600000, 0x00000000e3600000|100%| O|  |TAMS 0x00000000e3500000| PB 0x00000000e3500000| Untracked |  0
|  54|0x00000000e3600000, 0x00000000e3700000, 0x00000000e3700000|100%| O|  |TAMS 0x00000000e3600000| PB 0x00000000e3600000| Untracked |  0
|  55|0x00000000e3700000, 0x00000000e3800000, 0x00000000e3800000|100%| O|  |TAMS 0x00000000e3700000| PB 0x00000000e3700000| Untracked |  0
|  56|0x00000000e3800000, 0x00000000e3900000, 0x00000000e3900000|100%| O|  |TAMS 0x00000000e3800000| PB 0x00000000e3800000| Untracked |  0
|  57|0x00000000e3900000, 0x00000000e3a00000, 0x00000000e3a00000|100%| O|  |TAMS 0x00000000e3900000| PB 0x00000000e3900000| Untracked |  0
|  58|0x00000000e3a00000, 0x00000000e3b00000, 0x00000000e3b00000|100%| O|  |TAMS 0x00000000e3a00000| PB 0x00000000e3a00000| Untracked |  0
|  59|0x00000000e3b00000, 0x00000000e3c00000, 0x00000000e3c00000|100%| O|  |TAMS 0x00000000e3b00000| PB 0x00000000e3b00000| Untracked |  0
|  60|0x00000000e3c00000, 0x00000000e3d00000, 0x00000000e3d00000|100%| O|  |TAMS 0x00000000e3c00000| PB 0x00000000e3c00000| Untracked |  0
|  61|0x00000000e3d00000, 0x00000000e3e00000, 0x00000000e3e00000|100%| O|  |TAMS 0x00000000e3d00000| PB 0x00000000e3d00000| Untracked |  0
|  62|0x00000000e3e00000, 0x00000000e3f00000, 0x00000000e3f00000|100%| O|  |TAMS 0x00000000e3e00000| PB 0x00000000e3e00000| Untracked |  0
|  63|0x00000000e3f00000, 0x00000000e4000000, 0x00000000e4000000|100%| O|  |TAMS 0x00000000e3f00000| PB 0x00000000e3f00000| Untracked |  0
|  64|0x00000000e4000000, 0x00000000e4100000, 0x00000000e4100000|100%| O|  |TAMS 0x00000000e4000000| PB 0x00000000e4000000| Untracked |  0
|  65|0x00000000e4100000, 0x00000000e4200000, 0x00000000e4200000|100%| O|  |TAMS 0x00000000e4100000| PB 0x00000000e4100000| Untracked |  0
|  66|0x00000000e4200000, 0x00000000e4300000, 0x00000000e4300000|100%| O|  |TAMS 0x00000000e4200000| PB 0x00000000e4200000| Untracked |  0
|  67|0x00000000e4300000, 0x00000000e4400000, 0x00000000e4400000|100%| O|  |TAMS 0x00000000e4300000| PB 0x00000000e4300000| Untracked |  0
|  68|0x00000000e4400000, 0x00000000e4500000, 0x00000000e4500000|100%| O|  |TAMS 0x00000000e4400000| PB 0x00000000e4400000| Untracked |  0
|  69|0x00000000e4500000, 0x00000000e4600000, 0x00000000e4600000|100%| O|Cm|TAMS 0x00000000e4500000| PB 0x00000000e4500000| Complete |  0
|  70|0x00000000e4600000, 0x00000000e4700000, 0x00000000e4700000|100%| O|  |TAMS 0x00000000e4600000| PB 0x00000000e4600000| Untracked |  0
|  71|0x00000000e4700000, 0x00000000e4800000, 0x00000000e4800000|100%| O|  |TAMS 0x00000000e4700000| PB 0x00000000e4700000| Untracked |  0
|  72|0x00000000e4800000, 0x00000000e4900000, 0x00000000e4900000|100%| O|  |TAMS 0x00000000e4800000| PB 0x00000000e4800000| Untracked |  0
|  73|0x00000000e4900000, 0x00000000e4a00000, 0x00000000e4a00000|100%| O|  |TAMS 0x00000000e4900000| PB 0x00000000e4900000| Untracked |  0
|  74|0x00000000e4a00000, 0x00000000e4b00000, 0x00000000e4b00000|100%| O|  |TAMS 0x00000000e4a00000| PB 0x00000000e4a00000| Untracked |  0
|  75|0x00000000e4b00000, 0x00000000e4c00000, 0x00000000e4c00000|100%| O|  |TAMS 0x00000000e4b00000| PB 0x00000000e4b00000| Untracked |  0
|  76|0x00000000e4c00000, 0x00000000e4d00000, 0x00000000e4d00000|100%| O|  |TAMS 0x00000000e4c00000| PB 0x00000000e4c00000| Untracked |  0
|  77|0x00000000e4d00000, 0x00000000e4e00000, 0x00000000e4e00000|100%| O|  |TAMS 0x00000000e4d00000| PB 0x00000000e4d00000| Untracked |  0
|  78|0x00000000e4e00000, 0x00000000e4f00000, 0x00000000e4f00000|100%| O|  |TAMS 0x00000000e4e00000| PB 0x00000000e4e00000| Untracked |  0
|  79|0x00000000e4f00000, 0x00000000e5000000, 0x00000000e5000000|100%| O|  |TAMS 0x00000000e4f00000| PB 0x00000000e4f00000| Untracked |  0
|  80|0x00000000e5000000, 0x00000000e5100000, 0x00000000e5100000|100%| O|  |TAMS 0x00000000e5000000| PB 0x00000000e5000000| Untracked |  0
|  81|0x00000000e5100000, 0x00000000e5200000, 0x00000000e5200000|100%| O|  |TAMS 0x00000000e5100000| PB 0x00000000e5100000| Untracked |  0
|  82|0x00000000e5200000, 0x00000000e5300000, 0x00000000e5300000|100%| O|  |TAMS 0x00000000e5200000| PB 0x00000000e5200000| Untracked |  0
|  83|0x00000000e5300000, 0x00000000e5400000, 0x00000000e5400000|100%| O|  |TAMS 0x00000000e5300000| PB 0x00000000e5300000| Untracked |  0
|  84|0x00000000e5400000, 0x00000000e5500000, 0x00000000e5500000|100%| O|Cm|TAMS 0x00000000e5400000| PB 0x00000000e5400000| Complete |  0
|  85|0x00000000e5500000, 0x00000000e5600000, 0x00000000e5600000|100%| O|  |TAMS 0x00000000e5500000| PB 0x00000000e5500000| Untracked |  0
|  86|0x00000000e5600000, 0x00000000e5700000, 0x00000000e5700000|100%| O|  |TAMS 0x00000000e5600000| PB 0x00000000e5600000| Untracked |  0
|  87|0x00000000e5700000, 0x00000000e5800000, 0x00000000e5800000|100%| O|  |TAMS 0x00000000e5700000| PB 0x00000000e5700000| Untracked |  0
|  88|0x00000000e5800000, 0x00000000e5900000, 0x00000000e5900000|100%| O|  |TAMS 0x00000000e5800000| PB 0x00000000e5800000| Untracked |  0
|  89|0x00000000e5900000, 0x00000000e5a00000, 0x00000000e5a00000|100%| O|  |TAMS 0x00000000e5900000| PB 0x00000000e5900000| Untracked |  0
|  90|0x00000000e5a00000, 0x00000000e5b00000, 0x00000000e5b00000|100%| O|  |TAMS 0x00000000e5a00000| PB 0x00000000e5a00000| Untracked |  0
|  91|0x00000000e5b00000, 0x00000000e5b274c0, 0x00000000e5c00000| 15%| O|  |TAMS 0x00000000e5b00000| PB 0x00000000e5b00000| Untracked |  0
|  92|0x00000000e5c00000, 0x00000000e5c00000, 0x00000000e5d00000|  0%| F|  |TAMS 0x00000000e5c00000| PB 0x00000000e5c00000| Untracked |  0
|  93|0x00000000e5d00000, 0x00000000e5d00000, 0x00000000e5e00000|  0%| F|  |TAMS 0x00000000e5d00000| PB 0x00000000e5d00000| Untracked |  0
|  94|0x00000000e5e00000, 0x00000000e5e00000, 0x00000000e5f00000|  0%| F|  |TAMS 0x00000000e5e00000| PB 0x00000000e5e00000| Untracked |  0
|  95|0x00000000e5f00000, 0x00000000e5f00000, 0x00000000e6000000|  0%| F|  |TAMS 0x00000000e5f00000| PB 0x00000000e5f00000| Untracked |  0
|  96|0x00000000e6000000, 0x00000000e6000000, 0x00000000e6100000|  0%| F|  |TAMS 0x00000000e6000000| PB 0x00000000e6000000| Untracked |  0
|  97|0x00000000e6100000, 0x00000000e6100000, 0x00000000e6200000|  0%| F|  |TAMS 0x00000000e6100000| PB 0x00000000e6100000| Untracked |  0
|  98|0x00000000e6200000, 0x00000000e6200000, 0x00000000e6300000|  0%| F|  |TAMS 0x00000000e6200000| PB 0x00000000e6200000| Untracked |  0
|  99|0x00000000e6300000, 0x00000000e6300000, 0x00000000e6400000|  0%| F|  |TAMS 0x00000000e6300000| PB 0x00000000e6300000| Untracked |  0
| 100|0x00000000e6400000, 0x00000000e6400000, 0x00000000e6500000|  0%| F|  |TAMS 0x00000000e6400000| PB 0x00000000e6400000| Untracked |  0
| 101|0x00000000e6500000, 0x00000000e6500000, 0x00000000e6600000|  0%| F|  |TAMS 0x00000000e6500000| PB 0x00000000e6500000| Untracked |  0
| 102|0x00000000e6600000, 0x00000000e662f6a8, 0x00000000e6700000| 18%| S|CS|TAMS 0x00000000e6600000| PB 0x00000000e6600000| Complete |  0
| 103|0x00000000e6700000, 0x00000000e6800000, 0x00000000e6800000|100%| S|CS|TAMS 0x00000000e6700000| PB 0x00000000e6700000| Complete |  0
| 104|0x00000000e6800000, 0x00000000e6900000, 0x00000000e6900000|100%| S|CS|TAMS 0x00000000e6800000| PB 0x00000000e6800000| Complete |  0
| 105|0x00000000e6900000, 0x00000000e6900000, 0x00000000e6a00000|  0%| F|  |TAMS 0x00000000e6900000| PB 0x00000000e6900000| Untracked |  0
| 106|0x00000000e6a00000, 0x00000000e6a00000, 0x00000000e6b00000|  0%| F|  |TAMS 0x00000000e6a00000| PB 0x00000000e6a00000| Untracked |  0
| 107|0x00000000e6b00000, 0x00000000e6b00000, 0x00000000e6c00000|  0%| F|  |TAMS 0x00000000e6b00000| PB 0x00000000e6b00000| Untracked |  0
| 108|0x00000000e6c00000, 0x00000000e6c00000, 0x00000000e6d00000|  0%| F|  |TAMS 0x00000000e6c00000| PB 0x00000000e6c00000| Untracked |  0
| 109|0x00000000e6d00000, 0x00000000e6d00000, 0x00000000e6e00000|  0%| F|  |TAMS 0x00000000e6d00000| PB 0x00000000e6d00000| Untracked |  0
| 110|0x00000000e6e00000, 0x00000000e6e00000, 0x00000000e6f00000|  0%| F|  |TAMS 0x00000000e6e00000| PB 0x00000000e6e00000| Untracked |  0
| 111|0x00000000e6f00000, 0x00000000e6f00000, 0x00000000e7000000|  0%| F|  |TAMS 0x00000000e6f00000| PB 0x00000000e6f00000| Untracked |  0
| 112|0x00000000e7000000, 0x00000000e7000000, 0x00000000e7100000|  0%| F|  |TAMS 0x00000000e7000000| PB 0x00000000e7000000| Untracked |  0
| 113|0x00000000e7100000, 0x00000000e7100000, 0x00000000e7200000|  0%| F|  |TAMS 0x00000000e7100000| PB 0x00000000e7100000| Untracked |  0
| 114|0x00000000e7200000, 0x00000000e7200000, 0x00000000e7300000|  0%| F|  |TAMS 0x00000000e7200000| PB 0x00000000e7200000| Untracked |  0
| 115|0x00000000e7300000, 0x00000000e7300000, 0x00000000e7400000|  0%| F|  |TAMS 0x00000000e7300000| PB 0x00000000e7300000| Untracked |  0
| 116|0x00000000e7400000, 0x00000000e7500000, 0x00000000e7500000|100%| S|CS|TAMS 0x00000000e7400000| PB 0x00000000e7400000| Complete |  0
| 117|0x00000000e7500000, 0x00000000e7600000, 0x00000000e7600000|100%| S|CS|TAMS 0x00000000e7500000| PB 0x00000000e7500000| Complete |  0
| 118|0x00000000e7600000, 0x00000000e7700000, 0x00000000e7700000|100%| S|CS|TAMS 0x00000000e7600000| PB 0x00000000e7600000| Complete |  0
| 119|0x00000000e7700000, 0x00000000e7800000, 0x00000000e7800000|100%| S|CS|TAMS 0x00000000e7700000| PB 0x00000000e7700000| Complete |  0
| 120|0x00000000e7800000, 0x00000000e7900000, 0x00000000e7900000|100%| S|CS|TAMS 0x00000000e7800000| PB 0x00000000e7800000| Complete |  0
| 121|0x00000000e7900000, 0x00000000e7a00000, 0x00000000e7a00000|100%| S|CS|TAMS 0x00000000e7900000| PB 0x00000000e7900000| Complete |  0
| 122|0x00000000e7a00000, 0x00000000e7b00000, 0x00000000e7b00000|100%| S|CS|TAMS 0x00000000e7a00000| PB 0x00000000e7a00000| Complete |  0
| 123|0x00000000e7b00000, 0x00000000e7c00000, 0x00000000e7c00000|100%| S|CS|TAMS 0x00000000e7b00000| PB 0x00000000e7b00000| Complete |  0
| 124|0x00000000e7c00000, 0x00000000e7c00000, 0x00000000e7d00000|  0%| F|  |TAMS 0x00000000e7c00000| PB 0x00000000e7c00000| Untracked |  0
| 125|0x00000000e7d00000, 0x00000000e7d00000, 0x00000000e7e00000|  0%| F|  |TAMS 0x00000000e7d00000| PB 0x00000000e7d00000| Untracked |  0
| 126|0x00000000e7e00000, 0x00000000e7e00000, 0x00000000e7f00000|  0%| F|  |TAMS 0x00000000e7e00000| PB 0x00000000e7e00000| Untracked |  0
| 127|0x00000000e7f00000, 0x00000000e7f00000, 0x00000000e8000000|  0%| F|  |TAMS 0x00000000e7f00000| PB 0x00000000e7f00000| Untracked |  0
| 128|0x00000000e8000000, 0x00000000e8000000, 0x00000000e8100000|  0%| F|  |TAMS 0x00000000e8000000| PB 0x00000000e8000000| Untracked |  0
| 129|0x00000000e8100000, 0x00000000e8100000, 0x00000000e8200000|  0%| F|  |TAMS 0x00000000e8100000| PB 0x00000000e8100000| Untracked |  0
| 130|0x00000000e8200000, 0x00000000e8200000, 0x00000000e8300000|  0%| F|  |TAMS 0x00000000e8200000| PB 0x00000000e8200000| Untracked |  0
| 131|0x00000000e8300000, 0x00000000e8300000, 0x00000000e8400000|  0%| F|  |TAMS 0x00000000e8300000| PB 0x00000000e8300000| Untracked |  0
| 132|0x00000000e8400000, 0x00000000e8400000, 0x00000000e8500000|  0%| F|  |TAMS 0x00000000e8400000| PB 0x00000000e8400000| Untracked |  0
| 133|0x00000000e8500000, 0x00000000e8500000, 0x00000000e8600000|  0%| F|  |TAMS 0x00000000e8500000| PB 0x00000000e8500000| Untracked |  0
| 134|0x00000000e8600000, 0x00000000e8600000, 0x00000000e8700000|  0%| F|  |TAMS 0x00000000e8600000| PB 0x00000000e8600000| Untracked |  0
| 135|0x00000000e8700000, 0x00000000e8700000, 0x00000000e8800000|  0%| F|  |TAMS 0x00000000e8700000| PB 0x00000000e8700000| Untracked |  0
| 136|0x00000000e8800000, 0x00000000e8800000, 0x00000000e8900000|  0%| F|  |TAMS 0x00000000e8800000| PB 0x00000000e8800000| Untracked |  0
| 137|0x00000000e8900000, 0x00000000e8900000, 0x00000000e8a00000|  0%| F|  |TAMS 0x00000000e8900000| PB 0x00000000e8900000| Untracked |  0
| 138|0x00000000e8a00000, 0x00000000e8a00000, 0x00000000e8b00000|  0%| F|  |TAMS 0x00000000e8a00000| PB 0x00000000e8a00000| Untracked |  0
| 139|0x00000000e8b00000, 0x00000000e8b00000, 0x00000000e8c00000|  0%| F|  |TAMS 0x00000000e8b00000| PB 0x00000000e8b00000| Untracked |  0
| 140|0x00000000e8c00000, 0x00000000e8c00000, 0x00000000e8d00000|  0%| F|  |TAMS 0x00000000e8c00000| PB 0x00000000e8c00000| Untracked |  0
| 141|0x00000000e8d00000, 0x00000000e8d00000, 0x00000000e8e00000|  0%| F|  |TAMS 0x00000000e8d00000| PB 0x00000000e8d00000| Untracked |  0
| 142|0x00000000e8e00000, 0x00000000e8e00000, 0x00000000e8f00000|  0%| F|  |TAMS 0x00000000e8e00000| PB 0x00000000e8e00000| Untracked |  0
| 143|0x00000000e8f00000, 0x00000000e8f00000, 0x00000000e9000000|  0%| F|  |TAMS 0x00000000e8f00000| PB 0x00000000e8f00000| Untracked |  0
| 144|0x00000000e9000000, 0x00000000e9000000, 0x00000000e9100000|  0%| F|  |TAMS 0x00000000e9000000| PB 0x00000000e9000000| Untracked |  0
| 145|0x00000000e9100000, 0x00000000e9100000, 0x00000000e9200000|  0%| F|  |TAMS 0x00000000e9100000| PB 0x00000000e9100000| Untracked |  0
| 146|0x00000000e9200000, 0x00000000e9200000, 0x00000000e9300000|  0%| F|  |TAMS 0x00000000e9200000| PB 0x00000000e9200000| Untracked |  0
| 147|0x00000000e9300000, 0x00000000e9300000, 0x00000000e9400000|  0%| F|  |TAMS 0x00000000e9300000| PB 0x00000000e9300000| Untracked |  0
| 148|0x00000000e9400000, 0x00000000e9400000, 0x00000000e9500000|  0%| F|  |TAMS 0x00000000e9400000| PB 0x00000000e9400000| Untracked |  0
| 149|0x00000000e9500000, 0x00000000e9500000, 0x00000000e9600000|  0%| F|  |TAMS 0x00000000e9500000| PB 0x00000000e9500000| Untracked |  0
| 150|0x00000000e9600000, 0x00000000e9600000, 0x00000000e9700000|  0%| F|  |TAMS 0x00000000e9600000| PB 0x00000000e9600000| Untracked |  0
| 151|0x00000000e9700000, 0x00000000e9700000, 0x00000000e9800000|  0%| F|  |TAMS 0x00000000e9700000| PB 0x00000000e9700000| Untracked |  0
| 152|0x00000000e9800000, 0x00000000e9800000, 0x00000000e9900000|  0%| F|  |TAMS 0x00000000e9800000| PB 0x00000000e9800000| Untracked |  0
| 153|0x00000000e9900000, 0x00000000e9900000, 0x00000000e9a00000|  0%| F|  |TAMS 0x00000000e9900000| PB 0x00000000e9900000| Untracked |  0
| 154|0x00000000e9a00000, 0x00000000e9a00000, 0x00000000e9b00000|  0%| F|  |TAMS 0x00000000e9a00000| PB 0x00000000e9a00000| Untracked |  0
| 155|0x00000000e9b00000, 0x00000000e9b00000, 0x00000000e9c00000|  0%| F|  |TAMS 0x00000000e9b00000| PB 0x00000000e9b00000| Untracked |  0
| 156|0x00000000e9c00000, 0x00000000e9c00000, 0x00000000e9d00000|  0%| F|  |TAMS 0x00000000e9c00000| PB 0x00000000e9c00000| Untracked |  0
| 157|0x00000000e9d00000, 0x00000000e9d00000, 0x00000000e9e00000|  0%| F|  |TAMS 0x00000000e9d00000| PB 0x00000000e9d00000| Untracked |  0
| 158|0x00000000e9e00000, 0x00000000e9e00000, 0x00000000e9f00000|  0%| F|  |TAMS 0x00000000e9e00000| PB 0x00000000e9e00000| Untracked |  0
| 159|0x00000000e9f00000, 0x00000000e9f00000, 0x00000000ea000000|  0%| F|  |TAMS 0x00000000e9f00000| PB 0x00000000e9f00000| Untracked |  0
| 160|0x00000000ea000000, 0x00000000ea000000, 0x00000000ea100000|  0%| F|  |TAMS 0x00000000ea000000| PB 0x00000000ea000000| Untracked |  0
| 161|0x00000000ea100000, 0x00000000ea100000, 0x00000000ea200000|  0%| F|  |TAMS 0x00000000ea100000| PB 0x00000000ea100000| Untracked |  0
| 162|0x00000000ea200000, 0x00000000ea200000, 0x00000000ea300000|  0%| F|  |TAMS 0x00000000ea200000| PB 0x00000000ea200000| Untracked |  0
| 163|0x00000000ea300000, 0x00000000ea300000, 0x00000000ea400000|  0%| F|  |TAMS 0x00000000ea300000| PB 0x00000000ea300000| Untracked |  0
| 164|0x00000000ea400000, 0x00000000ea400000, 0x00000000ea500000|  0%| F|  |TAMS 0x00000000ea400000| PB 0x00000000ea400000| Untracked |  0
| 165|0x00000000ea500000, 0x00000000ea500000, 0x00000000ea600000|  0%| F|  |TAMS 0x00000000ea500000| PB 0x00000000ea500000| Untracked |  0
| 166|0x00000000ea600000, 0x00000000ea600000, 0x00000000ea700000|  0%| F|  |TAMS 0x00000000ea600000| PB 0x00000000ea600000| Untracked |  0
| 167|0x00000000ea700000, 0x00000000ea700000, 0x00000000ea800000|  0%| F|  |TAMS 0x00000000ea700000| PB 0x00000000ea700000| Untracked |  0
| 168|0x00000000ea800000, 0x00000000ea800000, 0x00000000ea900000|  0%| F|  |TAMS 0x00000000ea800000| PB 0x00000000ea800000| Untracked |  0
| 169|0x00000000ea900000, 0x00000000ea900000, 0x00000000eaa00000|  0%| F|  |TAMS 0x00000000ea900000| PB 0x00000000ea900000| Untracked |  0
| 170|0x00000000eaa00000, 0x00000000eaa00000, 0x00000000eab00000|  0%| F|  |TAMS 0x00000000eaa00000| PB 0x00000000eaa00000| Untracked |  0
| 171|0x00000000eab00000, 0x00000000eab00000, 0x00000000eac00000|  0%| F|  |TAMS 0x00000000eab00000| PB 0x00000000eab00000| Untracked |  0
| 172|0x00000000eac00000, 0x00000000eac00000, 0x00000000ead00000|  0%| F|  |TAMS 0x00000000eac00000| PB 0x00000000eac00000| Untracked |  0
| 173|0x00000000ead00000, 0x00000000ead00000, 0x00000000eae00000|  0%| F|  |TAMS 0x00000000ead00000| PB 0x00000000ead00000| Untracked |  0
| 174|0x00000000eae00000, 0x00000000eae00000, 0x00000000eaf00000|  0%| F|  |TAMS 0x00000000eae00000| PB 0x00000000eae00000| Untracked |  0
| 175|0x00000000eaf00000, 0x00000000eaf00000, 0x00000000eb000000|  0%| F|  |TAMS 0x00000000eaf00000| PB 0x00000000eaf00000| Untracked |  0
| 176|0x00000000eb000000, 0x00000000eb000000, 0x00000000eb100000|  0%| F|  |TAMS 0x00000000eb000000| PB 0x00000000eb000000| Untracked |  0
| 177|0x00000000eb100000, 0x00000000eb100000, 0x00000000eb200000|  0%| F|  |TAMS 0x00000000eb100000| PB 0x00000000eb100000| Untracked |  0
| 178|0x00000000eb200000, 0x00000000eb200000, 0x00000000eb300000|  0%| F|  |TAMS 0x00000000eb200000| PB 0x00000000eb200000| Untracked |  0
| 179|0x00000000eb300000, 0x00000000eb300000, 0x00000000eb400000|  0%| F|  |TAMS 0x00000000eb300000| PB 0x00000000eb300000| Untracked |  0
| 180|0x00000000eb400000, 0x00000000eb400000, 0x00000000eb500000|  0%| F|  |TAMS 0x00000000eb400000| PB 0x00000000eb400000| Untracked |  0
| 181|0x00000000eb500000, 0x00000000eb500000, 0x00000000eb600000|  0%| F|  |TAMS 0x00000000eb500000| PB 0x00000000eb500000| Untracked |  0
| 182|0x00000000eb600000, 0x00000000eb600000, 0x00000000eb700000|  0%| F|  |TAMS 0x00000000eb600000| PB 0x00000000eb600000| Untracked |  0
| 183|0x00000000eb700000, 0x00000000eb700000, 0x00000000eb800000|  0%| F|  |TAMS 0x00000000eb700000| PB 0x00000000eb700000| Untracked |  0
| 184|0x00000000eb800000, 0x00000000eb800000, 0x00000000eb900000|  0%| F|  |TAMS 0x00000000eb800000| PB 0x00000000eb800000| Untracked |  0
| 185|0x00000000eb900000, 0x00000000eb900000, 0x00000000eba00000|  0%| F|  |TAMS 0x00000000eb900000| PB 0x00000000eb900000| Untracked |  0
| 186|0x00000000eba00000, 0x00000000eba00000, 0x00000000ebb00000|  0%| F|  |TAMS 0x00000000eba00000| PB 0x00000000eba00000| Untracked |  0
| 187|0x00000000ebb00000, 0x00000000ebb00000, 0x00000000ebc00000|  0%| F|  |TAMS 0x00000000ebb00000| PB 0x00000000ebb00000| Untracked |  0
| 188|0x00000000ebc00000, 0x00000000ebc00000, 0x00000000ebd00000|  0%| F|  |TAMS 0x00000000ebc00000| PB 0x00000000ebc00000| Untracked |  0
| 189|0x00000000ebd00000, 0x00000000ebd00000, 0x00000000ebe00000|  0%| F|  |TAMS 0x00000000ebd00000| PB 0x00000000ebd00000| Untracked |  0
| 190|0x00000000ebe00000, 0x00000000ebe00000, 0x00000000ebf00000|  0%| F|  |TAMS 0x00000000ebe00000| PB 0x00000000ebe00000| Untracked |  0
| 191|0x00000000ebf00000, 0x00000000ebf00000, 0x00000000ec000000|  0%| F|  |TAMS 0x00000000ebf00000| PB 0x00000000ebf00000| Untracked |  0
| 192|0x00000000ec000000, 0x00000000ec000000, 0x00000000ec100000|  0%| F|  |TAMS 0x00000000ec000000| PB 0x00000000ec000000| Untracked |  0
| 193|0x00000000ec100000, 0x00000000ec100000, 0x00000000ec200000|  0%| F|  |TAMS 0x00000000ec100000| PB 0x00000000ec100000| Untracked |  0
| 194|0x00000000ec200000, 0x00000000ec200000, 0x00000000ec300000|  0%| F|  |TAMS 0x00000000ec200000| PB 0x00000000ec200000| Untracked |  0
| 195|0x00000000ec300000, 0x00000000ec300000, 0x00000000ec400000|  0%| F|  |TAMS 0x00000000ec300000| PB 0x00000000ec300000| Untracked |  0
| 196|0x00000000ec400000, 0x00000000ec400000, 0x00000000ec500000|  0%| F|  |TAMS 0x00000000ec400000| PB 0x00000000ec400000| Untracked |  0
| 197|0x00000000ec500000, 0x00000000ec500000, 0x00000000ec600000|  0%| F|  |TAMS 0x00000000ec500000| PB 0x00000000ec500000| Untracked |  0
| 198|0x00000000ec600000, 0x00000000ec600000, 0x00000000ec700000|  0%| F|  |TAMS 0x00000000ec600000| PB 0x00000000ec600000| Untracked |  0
| 199|0x00000000ec700000, 0x00000000ec700000, 0x00000000ec800000|  0%| F|  |TAMS 0x00000000ec700000| PB 0x00000000ec700000| Untracked |  0
| 200|0x00000000ec800000, 0x00000000ec800000, 0x00000000ec900000|  0%| F|  |TAMS 0x00000000ec800000| PB 0x00000000ec800000| Untracked |  0
| 201|0x00000000ec900000, 0x00000000ec900000, 0x00000000eca00000|  0%| F|  |TAMS 0x00000000ec900000| PB 0x00000000ec900000| Untracked |  0
| 202|0x00000000eca00000, 0x00000000eca00000, 0x00000000ecb00000|  0%| F|  |TAMS 0x00000000eca00000| PB 0x00000000eca00000| Untracked |  0
| 203|0x00000000ecb00000, 0x00000000ecb00000, 0x00000000ecc00000|  0%| F|  |TAMS 0x00000000ecb00000| PB 0x00000000ecb00000| Untracked |  0
| 204|0x00000000ecc00000, 0x00000000ecc00000, 0x00000000ecd00000|  0%| F|  |TAMS 0x00000000ecc00000| PB 0x00000000ecc00000| Untracked |  0
| 205|0x00000000ecd00000, 0x00000000ecd00000, 0x00000000ece00000|  0%| F|  |TAMS 0x00000000ecd00000| PB 0x00000000ecd00000| Untracked |  0
| 206|0x00000000ece00000, 0x00000000ece00000, 0x00000000ecf00000|  0%| F|  |TAMS 0x00000000ece00000| PB 0x00000000ece00000| Untracked |  0
| 207|0x00000000ecf00000, 0x00000000ecf00000, 0x00000000ed000000|  0%| F|  |TAMS 0x00000000ecf00000| PB 0x00000000ecf00000| Untracked |  0
| 208|0x00000000ed000000, 0x00000000ed000000, 0x00000000ed100000|  0%| F|  |TAMS 0x00000000ed000000| PB 0x00000000ed000000| Untracked |  0
| 209|0x00000000ed100000, 0x00000000ed100000, 0x00000000ed200000|  0%| F|  |TAMS 0x00000000ed100000| PB 0x00000000ed100000| Untracked |  0
| 210|0x00000000ed200000, 0x00000000ed200000, 0x00000000ed300000|  0%| F|  |TAMS 0x00000000ed200000| PB 0x00000000ed200000| Untracked |  0
| 211|0x00000000ed300000, 0x00000000ed300000, 0x00000000ed400000|  0%| F|  |TAMS 0x00000000ed300000| PB 0x00000000ed300000| Untracked |  0
| 212|0x00000000ed400000, 0x00000000ed400000, 0x00000000ed500000|  0%| F|  |TAMS 0x00000000ed400000| PB 0x00000000ed400000| Untracked |  0
| 213|0x00000000ed500000, 0x00000000ed500000, 0x00000000ed600000|  0%| F|  |TAMS 0x00000000ed500000| PB 0x00000000ed500000| Untracked |  0
| 214|0x00000000ed600000, 0x00000000ed6ae930, 0x00000000ed700000| 68%| E|  |TAMS 0x00000000ed600000| PB 0x00000000ed600000| Complete |  0
| 215|0x00000000ed700000, 0x00000000ed800000, 0x00000000ed800000|100%| E|CS|TAMS 0x00000000ed700000| PB 0x00000000ed700000| Complete |  0
| 216|0x00000000ed800000, 0x00000000ed900000, 0x00000000ed900000|100%| E|CS|TAMS 0x00000000ed800000| PB 0x00000000ed800000| Complete |  0
| 217|0x00000000ed900000, 0x00000000eda00000, 0x00000000eda00000|100%| E|CS|TAMS 0x00000000ed900000| PB 0x00000000ed900000| Complete |  0
| 218|0x00000000eda00000, 0x00000000edb00000, 0x00000000edb00000|100%| E|CS|TAMS 0x00000000eda00000| PB 0x00000000eda00000| Complete |  0
| 219|0x00000000edb00000, 0x00000000edc00000, 0x00000000edc00000|100%| E|CS|TAMS 0x00000000edb00000| PB 0x00000000edb00000| Complete |  0
| 220|0x00000000edc00000, 0x00000000edd00000, 0x00000000edd00000|100%| E|CS|TAMS 0x00000000edc00000| PB 0x00000000edc00000| Complete |  0
| 221|0x00000000edd00000, 0x00000000ede00000, 0x00000000ede00000|100%| E|CS|TAMS 0x00000000edd00000| PB 0x00000000edd00000| Complete |  0
| 222|0x00000000ede00000, 0x00000000edf00000, 0x00000000edf00000|100%| E|CS|TAMS 0x00000000ede00000| PB 0x00000000ede00000| Complete |  0
| 223|0x00000000edf00000, 0x00000000ee000000, 0x00000000ee000000|100%| E|CS|TAMS 0x00000000edf00000| PB 0x00000000edf00000| Complete |  0
| 224|0x00000000ee000000, 0x00000000ee100000, 0x00000000ee100000|100%| E|CS|TAMS 0x00000000ee000000| PB 0x00000000ee000000| Complete |  0
| 225|0x00000000ee100000, 0x00000000ee200000, 0x00000000ee200000|100%| E|CS|TAMS 0x00000000ee100000| PB 0x00000000ee100000| Complete |  0
| 226|0x00000000ee200000, 0x00000000ee300000, 0x00000000ee300000|100%| E|CS|TAMS 0x00000000ee200000| PB 0x00000000ee200000| Complete |  0
| 227|0x00000000ee300000, 0x00000000ee400000, 0x00000000ee400000|100%| E|CS|TAMS 0x00000000ee300000| PB 0x00000000ee300000| Complete |  0
| 228|0x00000000ee400000, 0x00000000ee500000, 0x00000000ee500000|100%| E|CS|TAMS 0x00000000ee400000| PB 0x00000000ee400000| Complete |  0
| 229|0x00000000ee500000, 0x00000000ee600000, 0x00000000ee600000|100%| E|CS|TAMS 0x00000000ee500000| PB 0x00000000ee500000| Complete |  0
| 230|0x00000000ee600000, 0x00000000ee700000, 0x00000000ee700000|100%| E|CS|TAMS 0x00000000ee600000| PB 0x00000000ee600000| Complete |  0
| 231|0x00000000ee700000, 0x00000000ee800000, 0x00000000ee800000|100%| E|CS|TAMS 0x00000000ee700000| PB 0x00000000ee700000| Complete |  0
| 232|0x00000000ee800000, 0x00000000ee900000, 0x00000000ee900000|100%| E|CS|TAMS 0x00000000ee800000| PB 0x00000000ee800000| Complete |  0
| 233|0x00000000ee900000, 0x00000000eea00000, 0x00000000eea00000|100%| E|CS|TAMS 0x00000000ee900000| PB 0x00000000ee900000| Complete |  0
| 234|0x00000000eea00000, 0x00000000eeb00000, 0x00000000eeb00000|100%| E|CS|TAMS 0x00000000eea00000| PB 0x00000000eea00000| Complete |  0
| 235|0x00000000eeb00000, 0x00000000eec00000, 0x00000000eec00000|100%| E|CS|TAMS 0x00000000eeb00000| PB 0x00000000eeb00000| Complete |  0
| 236|0x00000000eec00000, 0x00000000eed00000, 0x00000000eed00000|100%| E|CS|TAMS 0x00000000eec00000| PB 0x00000000eec00000| Complete |  0
| 237|0x00000000eed00000, 0x00000000eee00000, 0x00000000eee00000|100%| E|CS|TAMS 0x00000000eed00000| PB 0x00000000eed00000| Complete |  0
| 238|0x00000000eee00000, 0x00000000eef00000, 0x00000000eef00000|100%| E|CS|TAMS 0x00000000eee00000| PB 0x00000000eee00000| Complete |  0
| 239|0x00000000eef00000, 0x00000000ef000000, 0x00000000ef000000|100%| E|CS|TAMS 0x00000000eef00000| PB 0x00000000eef00000| Complete |  0
| 240|0x00000000ef000000, 0x00000000ef100000, 0x00000000ef100000|100%| E|CS|TAMS 0x00000000ef000000| PB 0x00000000ef000000| Complete |  0
| 241|0x00000000ef100000, 0x00000000ef200000, 0x00000000ef200000|100%| E|CS|TAMS 0x00000000ef100000| PB 0x00000000ef100000| Complete |  0
| 242|0x00000000ef200000, 0x00000000ef300000, 0x00000000ef300000|100%| E|CS|TAMS 0x00000000ef200000| PB 0x00000000ef200000| Complete |  0
| 243|0x00000000ef300000, 0x00000000ef400000, 0x00000000ef400000|100%| E|CS|TAMS 0x00000000ef300000| PB 0x00000000ef300000| Complete |  0
| 244|0x00000000ef400000, 0x00000000ef500000, 0x00000000ef500000|100%| E|CS|TAMS 0x00000000ef400000| PB 0x00000000ef400000| Complete |  0
| 245|0x00000000ef500000, 0x00000000ef600000, 0x00000000ef600000|100%| E|CS|TAMS 0x00000000ef500000| PB 0x00000000ef500000| Complete |  0
| 246|0x00000000ef600000, 0x00000000ef700000, 0x00000000ef700000|100%| E|CS|TAMS 0x00000000ef600000| PB 0x00000000ef600000| Complete |  0
| 247|0x00000000ef700000, 0x00000000ef800000, 0x00000000ef800000|100%| E|CS|TAMS 0x00000000ef700000| PB 0x00000000ef700000| Complete |  0
| 248|0x00000000ef800000, 0x00000000ef900000, 0x00000000ef900000|100%| E|CS|TAMS 0x00000000ef800000| PB 0x00000000ef800000| Complete |  0
| 249|0x00000000ef900000, 0x00000000efa00000, 0x00000000efa00000|100%| E|CS|TAMS 0x00000000ef900000| PB 0x00000000ef900000| Complete |  0
| 250|0x00000000efa00000, 0x00000000efb00000, 0x00000000efb00000|100%| E|CS|TAMS 0x00000000efa00000| PB 0x00000000efa00000| Complete |  0
| 251|0x00000000efb00000, 0x00000000efc00000, 0x00000000efc00000|100%| E|CS|TAMS 0x00000000efb00000| PB 0x00000000efb00000| Complete |  0
| 254|0x00000000efe00000, 0x00000000eff00000, 0x00000000eff00000|100%| E|CS|TAMS 0x00000000efe00000| PB 0x00000000efe00000| Complete |  0
| 255|0x00000000eff00000, 0x00000000f0000000, 0x00000000f0000000|100%| E|CS|TAMS 0x00000000eff00000| PB 0x00000000eff00000| Complete |  0
| 510|0x00000000ffe00000, 0x00000000fff00000, 0x00000000fff00000|100%| O|  |TAMS 0x00000000ffe00000| PB 0x00000000ffe00000| Untracked |  0
| 511|0x00000000fff00000, 0x0000000100000000, 0x0000000100000000|100%| E|CS|TAMS 0x00000000fff00000| PB 0x00000000fff00000| Complete |  0

Card table byte_map: [0x000001bea3b00000,0x000001bea3c00000] _byte_map_base: 0x000001bea3400000

Marking Bits: (CMBitMap*) 0x000001be8bb2b660
 Bits: [0x000001bea3c00000, 0x000001bea4400000)

Polling page: 0x000001be89970000

Metaspace:

Usage:
  Non-class:     74.22 MB used.
      Class:      9.78 MB used.
       Both:     84.01 MB used.

Virtual space:
  Non-class space:      128.00 MB reserved,      75.50 MB ( 59%) committed,  2 nodes.
      Class space:      320.00 MB reserved,      10.94 MB (  3%) committed,  1 nodes.
             Both:      448.00 MB reserved,      86.44 MB ( 19%) committed. 

Chunk freelists:
   Non-Class:  4.48 MB
       Class:  5.01 MB
        Both:  9.49 MB

MaxMetaspaceSize: 384.00 MB
CompressedClassSpaceSize: 320.00 MB
Initial GC threshold: 21.00 MB
Current GC threshold: 144.00 MB
CDS: on
 - commit_granule_bytes: 65536.
 - commit_granule_words: 8192.
 - virtual_space_node_default_size: 8388608.
 - enlarge_chunks_in_place: 1.
UseCompressedClassPointers 1, UseCompactObjectHeaders 0
Narrow klass pointer bits 32, Max shift 3
Narrow klass base: 0x000001bea8000000, Narrow klass shift: 0
Encoding Range: [0x000001bea8000000 - 0x000001bfa8000000), (4294967296 bytes)
Klass Range:    [0x000001bea8000000 - 0x000001bebd000000), (352321536 bytes)
Klass ID Range:  [8 - 352321529) (352321521)


Internal statistics:

num_allocs_failed_limit: 15.
num_arena_births: 4598.
num_arena_deaths: 4.
num_vsnodes_births: 3.
num_vsnodes_deaths: 0.
num_space_committed: 1383.
num_space_uncommitted: 0.
num_chunks_returned_to_freelist: 22.
num_chunks_taken_from_freelist: 8876.
num_chunk_merges: 10.
num_chunk_splits: 5692.
num_chunks_enlarged: 3419.
num_inconsistent_stats: 0.

CodeHeap 'non-profiled nmethods': size=120064Kb used=8309Kb max_used=8792Kb free=111754Kb
 bounds [0x000001be9be60000, 0x000001be9c710000, 0x000001bea33a0000]
CodeHeap 'profiled nmethods': size=120000Kb used=22992Kb max_used=26551Kb free=97008Kb
 bounds [0x000001be943a0000, 0x000001be95d90000, 0x000001be9b8d0000]
CodeHeap 'non-nmethods': size=5696Kb used=1958Kb max_used=2088Kb free=3737Kb
 bounds [0x000001be9b8d0000, 0x000001be9bb40000, 0x000001be9be60000]
CodeCache: size=245760Kb, used=33259Kb, max_used=37431Kb, free=212499Kb
 total_blobs=15620, nmethods=14779, adapters=742, full_count=0
Compilation: enabled, stopped_count=0, restarted_count=0

Compilation events (20 events):
Event: 114.571 Thread 0x000001bea706d100 17473       3       java.lang.invoke.VarHandleByteArrayAsChars$ArrayHandle::index (12 bytes)
Event: 114.571 Thread 0x000001bea706d100 nmethod 17473 0x000001be9467ee08 code [0x000001be9467ef20, 0x000001be9467f060]
Event: 114.571 Thread 0x000001bea706d100 17474       3       jdk.internal.util.ByteArray::setChar (10 bytes)
Event: 114.571 Thread 0x000001bea706d100 nmethod 17474 0x000001be944e0988 code [0x000001be944e0ae0, 0x000001be944e10a0]
Event: 114.571 Thread 0x000001bea706d100 17475       3       java.lang.invoke.VarHandleByteArrayAsChars$ArrayHandle::set (39 bytes)
Event: 114.571 Thread 0x000001bec5693fe0 nmethod 17449 0x000001be9c209a08 code [0x000001be9c209b60, 0x000001be9c20a508]
Event: 114.571 Thread 0x000001bec5693fe0 17393       4       org.gradle.api.internal.attributes.AbstractAttributeContainer::isValidAttributeRequest (37 bytes)
Event: 114.572 Thread 0x000001bea706d100 nmethod 17475 0x000001be94450888 code [0x000001be944509c0, 0x000001be94450dd8]
Event: 114.572 Thread 0x000001bea706d100 17476       3       jdk.internal.misc.Unsafe::putCharUnaligned (14 bytes)
Event: 114.572 Thread 0x000001bec5693fe0 nmethod 17393 0x000001be9c2bed08 code [0x000001be9c2bee00, 0x000001be9c2bee98]
Event: 114.572 Thread 0x000001bec5693fe0 17448       4       org.gradle.api.internal.artifacts.repositories.resolver.ExternalResourceResolver$LocalRepositoryAccess::resolveArtifact (1 bytes)
Event: 114.572 Thread 0x000001bea706d100 nmethod 17476 0x000001be94520d88 code [0x000001be94520ea0, 0x000001be945210d0]
Event: 114.572 Thread 0x000001bea706d100 17477       3       java.io.ObjectOutputStream$BlockDataOutputStream::writeChar (47 bytes)
Event: 114.572 Thread 0x000001bec5693fe0 nmethod 17448 0x000001be9c2bf708 code [0x000001be9c2bf800, 0x000001be9c2bf878]
Event: 114.572 Thread 0x000001bec5693fe0 17423       4       com.google.common.collect.Iterators::emptyListIterator (4 bytes)
Event: 114.573 Thread 0x000001bec5693fe0 nmethod 17423 0x000001be9c307b08 code [0x000001be9c307c00, 0x000001be9c307c70]
Event: 114.573 Thread 0x000001bea706d100 nmethod 17477 0x000001be944adb88 code [0x000001be944add80, 0x000001be944aec10]
Event: 114.577 Thread 0x000001bea706d100 17478       3       java.util.concurrent.ThreadPoolExecutor::ctlOf (4 bytes)
Event: 114.577 Thread 0x000001bea706d100 nmethod 17478 0x000001be94692588 code [0x000001be946926a0, 0x000001be94692790]
Event: 114.697 Thread 0x000001bea7059dd0 nmethod 17374 0x000001be9c6f6208 code [0x000001be9c6f6ae0, 0x000001be9c700630]

GC Heap History (20 events):
Event: 9.032 GC heap before
{Heap before GC invocations=8 (full 0):
 garbage-first heap   total reserved 524288K, committed 262144K, used 189896K [0x00000000e0000000, 0x0000000100000000)
  region size 1024K, 145 young (148480K), 10 survivors (10240K)
 Metaspace       used 47973K, committed 49792K, reserved 393216K
  class space    used 5611K, committed 6464K, reserved 327680K
}
Event: 9.044 GC heap after
{Heap after GC invocations=9 (full 0):
 garbage-first heap   total reserved 524288K, committed 262144K, used 61443K [0x00000000e0000000, 0x0000000100000000)
  region size 1024K, 19 young (19456K), 19 survivors (19456K)
 Metaspace       used 47973K, committed 49792K, reserved 393216K
  class space    used 5611K, committed 6464K, reserved 327680K
}
Event: 10.339 GC heap before
{Heap before GC invocations=9 (full 0):
 garbage-first heap   total reserved 524288K, committed 262144K, used 197635K [0x00000000e0000000, 0x0000000100000000)
  region size 1024K, 153 young (156672K), 19 survivors (19456K)
 Metaspace       used 58211K, committed 60224K, reserved 393216K
  class space    used 6936K, committed 7872K, reserved 327680K
}
Event: 10.357 GC heap after
{Heap after GC invocations=10 (full 0):
 garbage-first heap   total reserved 524288K, committed 262144K, used 70897K [0x00000000e0000000, 0x0000000100000000)
  region size 1024K, 20 young (20480K), 20 survivors (20480K)
 Metaspace       used 58211K, committed 60224K, reserved 393216K
  class space    used 6936K, committed 7872K, reserved 327680K
}
Event: 10.397 GC heap before
{Heap before GC invocations=10 (full 0):
 garbage-first heap   total reserved 524288K, committed 262144K, used 71921K [0x00000000e0000000, 0x0000000100000000)
  region size 1024K, 22 young (22528K), 20 survivors (20480K)
 Metaspace       used 59117K, committed 61056K, reserved 393216K
  class space    used 7014K, committed 7936K, reserved 327680K
}
Event: 10.408 GC heap after
{Heap after GC invocations=11 (full 0):
 garbage-first heap   total reserved 524288K, committed 262144K, used 71286K [0x00000000e0000000, 0x0000000100000000)
  region size 1024K, 9 young (9216K), 9 survivors (9216K)
 Metaspace       used 59117K, committed 61056K, reserved 393216K
  class space    used 7014K, committed 7936K, reserved 327680K
}
Event: 11.895 GC heap before
{Heap before GC invocations=12 (full 0):
 garbage-first heap   total reserved 524288K, committed 262144K, used 213622K [0x00000000e0000000, 0x0000000100000000)
  region size 1024K, 148 young (151552K), 9 survivors (9216K)
 Metaspace       used 69798K, committed 72064K, reserved 393216K
  class space    used 8420K, committed 9472K, reserved 327680K
}
Event: 11.908 GC heap after
{Heap after GC invocations=13 (full 0):
 garbage-first heap   total reserved 524288K, committed 262144K, used 82205K [0x00000000e0000000, 0x0000000100000000)
  region size 1024K, 19 young (19456K), 19 survivors (19456K)
 Metaspace       used 69798K, committed 72064K, reserved 393216K
  class space    used 8420K, committed 9472K, reserved 327680K
}
Event: 13.741 GC heap before
{Heap before GC invocations=13 (full 0):
 garbage-first heap   total reserved 524288K, committed 262144K, used 219421K [0x00000000e0000000, 0x0000000100000000)
  region size 1024K, 153 young (156672K), 19 survivors (19456K)
 Metaspace       used 74625K, committed 76992K, reserved 458752K
  class space    used 8849K, committed 9984K, reserved 327680K
}
Event: 13.758 GC heap after
{Heap after GC invocations=14 (full 0):
 garbage-first heap   total reserved 524288K, committed 262144K, used 90413K [0x00000000e0000000, 0x0000000100000000)
  region size 1024K, 9 young (9216K), 9 survivors (9216K)
 Metaspace       used 74625K, committed 76992K, reserved 458752K
  class space    used 8849K, committed 9984K, reserved 327680K
}
Event: 14.950 GC heap before
{Heap before GC invocations=14 (full 0):
 garbage-first heap   total reserved 524288K, committed 262144K, used 224557K [0x00000000e0000000, 0x0000000100000000)
  region size 1024K, 141 young (144384K), 9 survivors (9216K)
 Metaspace       used 78080K, committed 80512K, reserved 458752K
  class space    used 9159K, committed 10304K, reserved 327680K
}
Event: 14.959 GC heap after
{Heap after GC invocations=15 (full 0):
 garbage-first heap   total reserved 524288K, committed 262144K, used 92863K [0x00000000e0000000, 0x0000000100000000)
  region size 1024K, 11 young (11264K), 11 survivors (11264K)
 Metaspace       used 78080K, committed 80512K, reserved 458752K
  class space    used 9159K, committed 10304K, reserved 327680K
}
Event: 33.588 GC heap before
{Heap before GC invocations=15 (full 0):
 garbage-first heap   total reserved 524288K, committed 262144K, used 229055K [0x00000000e0000000, 0x0000000100000000)
  region size 1024K, 145 young (148480K), 11 survivors (11264K)
 Metaspace       used 82855K, committed 85312K, reserved 458752K
  class space    used 9653K, committed 10816K, reserved 327680K
}
Event: 33.602 GC heap after
{Heap after GC invocations=16 (full 0):
 garbage-first heap   total reserved 524288K, committed 262144K, used 101323K [0x00000000e0000000, 0x0000000100000000)
  region size 1024K, 14 young (14336K), 14 survivors (14336K)
 Metaspace       used 82855K, committed 85312K, reserved 458752K
  class space    used 9653K, committed 10816K, reserved 327680K
}
Event: 87.378 GC heap before
{Heap before GC invocations=17 (full 0):
 garbage-first heap   total reserved 524288K, committed 262144K, used 230347K [0x00000000e0000000, 0x0000000100000000)
  region size 1024K, 141 young (144384K), 14 survivors (14336K)
 Metaspace       used 85016K, committed 87552K, reserved 458752K
  class space    used 9938K, committed 11136K, reserved 327680K
}
Event: 87.388 GC heap after
{Heap after GC invocations=18 (full 0):
 garbage-first heap   total reserved 524288K, committed 262144K, used 100774K [0x00000000e0000000, 0x0000000100000000)
  region size 1024K, 9 young (9216K), 9 survivors (9216K)
 Metaspace       used 85016K, committed 87552K, reserved 458752K
  class space    used 9938K, committed 11136K, reserved 327680K
}
Event: 88.166 GC heap before
{Heap before GC invocations=18 (full 0):
 garbage-first heap   total reserved 524288K, committed 262144K, used 233894K [0x00000000e0000000, 0x0000000100000000)
  region size 1024K, 139 young (142336K), 9 survivors (9216K)
 Metaspace       used 85354K, committed 87872K, reserved 458752K
  class space    used 9943K, committed 11136K, reserved 327680K
}
Event: 88.174 GC heap after
{Heap after GC invocations=19 (full 0):
 garbage-first heap   total reserved 524288K, committed 262144K, used 102012K [0x00000000e0000000, 0x0000000100000000)
  region size 1024K, 11 young (11264K), 11 survivors (11264K)
 Metaspace       used 85354K, committed 87872K, reserved 458752K
  class space    used 9943K, committed 11136K, reserved 327680K
}
Event: 114.236 GC heap before
{Heap before GC invocations=19 (full 0):
 garbage-first heap   total reserved 524288K, committed 262144K, used 236156K [0x00000000e0000000, 0x0000000100000000)
  region size 1024K, 142 young (145408K), 11 survivors (11264K)
 Metaspace       used 85967K, committed 88448K, reserved 458752K
  class space    used 10019K, committed 11200K, reserved 327680K
}
Event: 114.246 GC heap after
{Heap after GC invocations=20 (full 0):
 garbage-first heap   total reserved 524288K, committed 262144K, used 104794K [0x00000000e0000000, 0x0000000100000000)
  region size 1024K, 11 young (11264K), 11 survivors (11264K)
 Metaspace       used 85967K, committed 88448K, reserved 458752K
  class space    used 10019K, committed 11200K, reserved 327680K
}

Dll operation events (15 events):
Event: 0.017 Loaded shared library C:\Program Files\Java\jdk-24\bin\java.dll
Event: 0.065 Loaded shared library C:\Program Files\Java\jdk-24\bin\jsvml.dll
Event: 0.217 Loaded shared library C:\Program Files\Java\jdk-24\bin\zip.dll
Event: 0.231 Loaded shared library C:\Program Files\Java\jdk-24\bin\instrument.dll
Event: 0.244 Loaded shared library C:\Program Files\Java\jdk-24\bin\net.dll
Event: 0.250 Loaded shared library C:\Program Files\Java\jdk-24\bin\nio.dll
Event: 0.261 Loaded shared library C:\Program Files\Java\jdk-24\bin\zip.dll
Event: 0.759 Loaded shared library C:\Program Files\Java\jdk-24\bin\jimage.dll
Event: 1.754 Loaded shared library C:\Program Files\Java\jdk-24\bin\verify.dll
Event: 1.911 Loaded shared library C:\Users\abhil\.gradle\native\660c5614fbf4a5f2a75b1949f50a0caf5cd603558e7d8a26e50b933a0cfb79d1\windows-amd64\native-platform.dll
Event: 1.956 Loaded shared library C:\Users\abhil\.gradle\native\0.2.8\x86_64-windows-gnu\gradle-fileevents.dll
Event: 3.106 Loaded shared library C:\Program Files\Java\jdk-24\bin\management.dll
Event: 3.108 Loaded shared library C:\Program Files\Java\jdk-24\bin\management_ext.dll
Event: 3.254 Loaded shared library C:\Program Files\Java\jdk-24\bin\extnet.dll
Event: 3.445 Loaded shared library C:\Program Files\Java\jdk-24\bin\sunmscapi.dll

Deoptimization events (20 events):
Event: 113.397 Thread 0x000001bec23ccbc0 DEOPT PACKING pc=0x000001be9c48a44c sp=0x000000351def8c40
Event: 113.397 Thread 0x000001bec23ccbc0 DEOPT UNPACKING pc=0x000001be9b9e4c02 sp=0x000000351def8bd8 mode 2
Event: 114.322 Thread 0x000001bec23ccbc0 DEOPT PACKING pc=0x000001be955a73cf sp=0x000000351def8760
Event: 114.322 Thread 0x000001bec23ccbc0 DEOPT UNPACKING pc=0x000001be9b925722 sp=0x000000351def7c28 mode 0
Event: 114.396 Thread 0x000001bec23ccbc0 Uncommon trap: trap_request=0xffffffdc fr.pc=0x000001be9c2868bc relative=0x000000000000131c
Event: 114.396 Thread 0x000001bec23ccbc0 Uncommon trap: reason=class_check action=make_not_entrant pc=0x000001be9c2868bc method=com.google.common.collect.Platform.copy([Ljava/lang/Object;II[Ljava/lang/Object;)[Ljava/lang/Object; @ 7 c2
Event: 114.396 Thread 0x000001bec23ccbc0 DEOPT PACKING pc=0x000001be9c2868bc sp=0x000000351def6a70
Event: 114.396 Thread 0x000001bec23ccbc0 DEOPT UNPACKING pc=0x000001be9b9e4c02 sp=0x000000351def6948 mode 2
Event: 114.487 Thread 0x000001bec23ccbc0 Uncommon trap: trap_request=0xffffffbe fr.pc=0x000001be9c60f4b8 relative=0x0000000000000218
Event: 114.487 Thread 0x000001bec23ccbc0 Uncommon trap: reason=profile_predicate action=maybe_recompile pc=0x000001be9c60f4b8 method=java.util.LinkedHashMap.valuesToArray([Ljava/lang/Object;Z)[Ljava/lang/Object; @ 53 c2
Event: 114.487 Thread 0x000001bec23ccbc0 DEOPT PACKING pc=0x000001be9c60f4b8 sp=0x000000351def8790
Event: 114.487 Thread 0x000001bec23ccbc0 DEOPT UNPACKING pc=0x000001be9b9e4c02 sp=0x000000351def8720 mode 2
Event: 114.487 Thread 0x000001bec23ccbc0 Uncommon trap: trap_request=0xffffffbe fr.pc=0x000001be9c60f4b8 relative=0x0000000000000218
Event: 114.487 Thread 0x000001bec23ccbc0 Uncommon trap: reason=profile_predicate action=maybe_recompile pc=0x000001be9c60f4b8 method=java.util.LinkedHashMap.valuesToArray([Ljava/lang/Object;Z)[Ljava/lang/Object; @ 53 c2
Event: 114.487 Thread 0x000001bec23ccbc0 DEOPT PACKING pc=0x000001be9c60f4b8 sp=0x000000351def8790
Event: 114.487 Thread 0x000001bec23ccbc0 DEOPT UNPACKING pc=0x000001be9b9e4c02 sp=0x000000351def8720 mode 2
Event: 114.538 Thread 0x000001bec55cc1f0 Uncommon trap: trap_request=0xffffffd6 fr.pc=0x000001be9c6be5a8 relative=0x0000000000000748
Event: 114.538 Thread 0x000001bec55cc1f0 Uncommon trap: reason=array_check action=maybe_recompile pc=0x000001be9c6be5a8 method=java.util.TimSort.reverseRange([Ljava/lang/Object;II)V @ 27 c2
Event: 114.538 Thread 0x000001bec55cc1f0 DEOPT PACKING pc=0x000001be9c6be5a8 sp=0x0000003520afcc80
Event: 114.538 Thread 0x000001bec55cc1f0 DEOPT UNPACKING pc=0x000001be9b9e4c02 sp=0x0000003520afcb90 mode 2

Classes loaded (20 events):
Event: 34.477 Loading class java/util/PriorityQueue
Event: 34.477 Loading class java/util/PriorityQueue done
Event: 34.492 Loading class java/nio/file/FileTreeWalker$1
Event: 34.492 Loading class java/nio/file/FileTreeWalker$1 done
Event: 35.227 Loading class java/nio/channels/AsynchronousCloseException
Event: 35.227 Loading class java/nio/channels/AsynchronousCloseException done
Event: 35.228 Loading class java/lang/invoke/WrongMethodTypeException
Event: 35.228 Loading class java/lang/invoke/WrongMethodTypeException done
Event: 35.255 Loading class java/lang/StackTraceElement$HashedModules
Event: 35.255 Loading class java/lang/StackTraceElement$HashedModules done
Event: 35.268 Loading class java/util/logging/LogRecord
Event: 35.268 Loading class java/util/logging/LogRecord done
Event: 35.293 Loading class java/lang/Throwable$PrintStreamOrWriter
Event: 35.293 Loading class java/lang/Throwable$PrintStreamOrWriter done
Event: 35.303 Loading class java/util/Collections$EmptyListIterator
Event: 35.303 Loading class java/util/Collections$EmptyListIterator done
Event: 90.921 Loading class sun/net/ConnectionResetException
Event: 90.921 Loading class sun/net/ConnectionResetException done
Event: 90.922 Loading class java/lang/Throwable$WrappedPrintWriter
Event: 90.922 Loading class java/lang/Throwable$WrappedPrintWriter done

Classes unloaded (8 events):
Event: 33.650 Thread 0x000001bea702f7a0 Unloading class 0x000001bea9865800 '_BuildScript_$_run_closure4'
Event: 33.650 Thread 0x000001bea702f7a0 Unloading class 0x000001bea9865400 '_BuildScript_$_run_closure3'
Event: 33.650 Thread 0x000001bea702f7a0 Unloading class 0x000001bea9865000 '_BuildScript_$_run_closure2'
Event: 33.650 Thread 0x000001bea702f7a0 Unloading class 0x000001bea9864910 '_BuildScript_$_run_closure1$_closure5'
Event: 33.650 Thread 0x000001bea702f7a0 Unloading class 0x000001bea9864510 '_BuildScript_$_run_closure1'
Event: 33.650 Thread 0x000001bea702f7a0 Unloading class 0x000001bea9864000 '_BuildScript_'
Event: 33.650 Thread 0x000001bea702f7a0 Unloading class 0x000001bea9724510 '_BuildScript_$_run_closure1'
Event: 33.650 Thread 0x000001bea702f7a0 Unloading class 0x000001bea9724000 '_BuildScript_'

Classes redefined (0 events):
No events

Internal exceptions (20 events):
Event: 87.121 Thread 0x000001bec23ccbc0 Exception <a 'java/lang/NoClassDefFoundError'{0x00000000e9138df0}: org/graalvm/buildtools/gradle/NativeImagePlugin> (0x00000000e9138df0) 
thrown [s\open\src\hotspot\share\oops\constantPool.cpp, line 1048]
Event: 87.121 Thread 0x000001bec23ccbc0 Exception <a 'java/lang/NoClassDefFoundError'{0x00000000e913b498}: org/cyclonedx/gradle/CyclonedxPlugin> (0x00000000e913b498) 
thrown [s\open\src\hotspot\share\oops\constantPool.cpp, line 1048]
Event: 87.121 Thread 0x000001bec23ccbc0 Exception <a 'java/lang/NoClassDefFoundError'{0x00000000e913db50}: com/google/protobuf/gradle/ProtobufPlugin> (0x00000000e913db50) 
thrown [s\open\src\hotspot\share\oops\constantPool.cpp, line 1048]
Event: 88.146 Thread 0x000001bec3381a60 Exception <a 'sun/nio/fs/WindowsException'{0x00000000e75b22f8}> (0x00000000e75b22f8) 
thrown [s\open\src\hotspot\share\prims\jni.cpp, line 518]
Event: 88.213 Thread 0x000001bec3381a60 Exception <a 'java/lang/NoSuchMethodError'{0x00000000efa66e30}: 'int java.lang.invoke.DirectMethodHandle$Holder.invokeStaticInit(java.lang.Object, java.lang.Object, java.lang.Object, java.lang.Object, java.lang.Object)'> (0x00000000efa66e30) 
thrown [s\open\src\hotspot\share\interpreter\linkResolver.cpp, line 805]
Event: 90.921 Thread 0x000001bec116eea0 Exception <a 'sun/net/ConnectionResetException'{0x00000000ef71dcc8}: Connection reset> (0x00000000ef71dcc8) 
thrown [s\open\src\hotspot\share\prims\jni.cpp, line 536]
Event: 90.921 Thread 0x000001bec116e750 Exception <a 'java/io/IOException'{0x00000000ef766870}: Connection reset by peer> (0x00000000ef766870) 
thrown [s\open\src\hotspot\share\prims\jni.cpp, line 536]
Event: 90.931 Thread 0x000001bec55cbaa0 Exception <a 'java/lang/NoSuchMethodError'{0x00000000ef793ce8}: static Lorg/gradle/internal/remote/internal/MessageIOException;.<clinit>()V> (0x00000000ef793ce8) 
thrown [s\open\src\hotspot\share\prims\jni.cpp, line 1108]
Event: 90.931 Thread 0x000001bec55cbaa0 Exception <a 'java/lang/NoSuchMethodError'{0x00000000ef794df0}: static [Ljava/lang/StackTraceElement;.<clinit>()V> (0x00000000ef794df0) 
thrown [s\open\src\hotspot\share\prims\jni.cpp, line 1108]
Event: 90.955 Thread 0x000001bec3381a60 Exception <a 'sun/nio/fs/WindowsException'{0x00000000ef7b1bd0}> (0x00000000ef7b1bd0) 
thrown [s\open\src\hotspot\share\prims\jni.cpp, line 518]
Event: 90.964 Thread 0x000001bec23ccbc0 Exception <a 'sun/nio/fs/WindowsException'{0x00000000ef6687d8}> (0x00000000ef6687d8) 
thrown [s\open\src\hotspot\share\prims\jni.cpp, line 518]
Event: 113.444 Thread 0x000001bec23ccbc0 Exception <a 'sun/nio/fs/WindowsException'{0x00000000eeee3f18}> (0x00000000eeee3f18) 
thrown [s\open\src\hotspot\share\prims\jni.cpp, line 518]
Event: 113.444 Thread 0x000001bec23ccbc0 Exception <a 'sun/nio/fs/WindowsException'{0x00000000eeee53f8}> (0x00000000eeee53f8) 
thrown [s\open\src\hotspot\share\prims\jni.cpp, line 518]
Event: 113.444 Thread 0x000001bec23ccbc0 Exception <a 'sun/nio/fs/WindowsException'{0x00000000eeee68c8}> (0x00000000eeee68c8) 
thrown [s\open\src\hotspot\share\prims\jni.cpp, line 518]
Event: 113.445 Thread 0x000001bec23ccbc0 Exception <a 'sun/nio/fs/WindowsException'{0x00000000eeee7d78}> (0x00000000eeee7d78) 
thrown [s\open\src\hotspot\share\prims\jni.cpp, line 518]
Event: 113.541 Thread 0x000001bec23ccbc0 Exception <a 'java/lang/NoClassDefFoundError'{0x00000000ee88fdd0}: org/jetbrains/kotlin/gradle/plugin/KotlinPluginWrapper> (0x00000000ee88fdd0) 
thrown [s\open\src\hotspot\share\oops\constantPool.cpp, line 1048]
Event: 113.541 Thread 0x000001bec23ccbc0 Exception <a 'java/lang/NoClassDefFoundError'{0x00000000ee892488}: org/graalvm/buildtools/gradle/NativeImagePlugin> (0x00000000ee892488) 
thrown [s\open\src\hotspot\share\oops\constantPool.cpp, line 1048]
Event: 113.542 Thread 0x000001bec23ccbc0 Exception <a 'java/lang/NoClassDefFoundError'{0x00000000ee894b30}: org/cyclonedx/gradle/CyclonedxPlugin> (0x00000000ee894b30) 
thrown [s\open\src\hotspot\share\oops\constantPool.cpp, line 1048]
Event: 113.542 Thread 0x000001bec23ccbc0 Exception <a 'java/lang/NoClassDefFoundError'{0x00000000ee8971e8}: com/google/protobuf/gradle/ProtobufPlugin> (0x00000000ee8971e8) 
thrown [s\open\src\hotspot\share\oops\constantPool.cpp, line 1048]
Event: 114.500 Thread 0x000001bec55cc1f0 Exception <a 'sun/nio/fs/WindowsException'{0x00000000edb74cc8}> (0x00000000edb74cc8) 
thrown [s\open\src\hotspot\share\prims\jni.cpp, line 518]

VM Operations (20 events):
Event: 35.252 Executing VM operation: HandshakeAllThreads (Deoptimize)
Event: 35.252 Executing VM operation: HandshakeAllThreads (Deoptimize) done
Event: 35.277 Executing VM operation: HandshakeAllThreads (Deoptimize)
Event: 35.278 Executing VM operation: HandshakeAllThreads (Deoptimize) done
Event: 60.221 Executing VM operation: HandshakeAllThreads (HandshakeForDeflation)
Event: 60.222 Executing VM operation: HandshakeAllThreads (HandshakeForDeflation) done
Event: 60.222 Executing VM operation: RendezvousGCThreads
Event: 60.222 Executing VM operation: RendezvousGCThreads done
Event: 87.378 Executing VM operation: G1CollectForAllocation (G1 Evacuation Pause)
Event: 87.388 Executing VM operation: G1CollectForAllocation (G1 Evacuation Pause) done
Event: 88.166 Executing VM operation: G1CollectForAllocation (G1 Evacuation Pause)
Event: 88.175 Executing VM operation: G1CollectForAllocation (G1 Evacuation Pause) done
Event: 88.981 Executing VM operation: HandshakeAllThreads (Deoptimize)
Event: 88.981 Executing VM operation: HandshakeAllThreads (Deoptimize) done
Event: 114.235 Executing VM operation: G1CollectForAllocation (G1 Evacuation Pause)
Event: 114.246 Executing VM operation: G1CollectForAllocation (G1 Evacuation Pause) done
Event: 114.310 Executing VM operation: G1PauseRemark
Event: 114.320 Executing VM operation: G1PauseRemark done
Event: 114.338 Executing VM operation: G1PauseCleanup
Event: 114.338 Executing VM operation: G1PauseCleanup done

Memory protections (0 events):
No events

Nmethod flushes (20 events):
Event: 114.318 Thread 0x000001bea702f7a0 flushing  nmethod 0x000001be9515e788
Event: 114.318 Thread 0x000001bea702f7a0 flushing  nmethod 0x000001be9515eb08
Event: 114.318 Thread 0x000001bea702f7a0 flushing  nmethod 0x000001be9527d808
Event: 114.318 Thread 0x000001bea702f7a0 flushing  nmethod 0x000001be952d9308
Event: 114.318 Thread 0x000001bea702f7a0 flushing  nmethod 0x000001be952d9608
Event: 114.318 Thread 0x000001bea702f7a0 flushing  nmethod 0x000001be952dc808
Event: 114.318 Thread 0x000001bea702f7a0 flushing  nmethod 0x000001be952deb88
Event: 114.318 Thread 0x000001bea702f7a0 flushing  nmethod 0x000001be952e6208
Event: 114.318 Thread 0x000001bea702f7a0 flushing  nmethod 0x000001be952e6688
Event: 114.318 Thread 0x000001bea702f7a0 flushing  nmethod 0x000001be952e6988
Event: 114.318 Thread 0x000001bea702f7a0 flushing  nmethod 0x000001be952eb888
Event: 114.318 Thread 0x000001bea702f7a0 flushing  nmethod 0x000001be952ebc88
Event: 114.318 Thread 0x000001bea702f7a0 flushing  nmethod 0x000001be952ec088
Event: 114.318 Thread 0x000001bea702f7a0 flushing  nmethod 0x000001be952ec488
Event: 114.318 Thread 0x000001bea702f7a0 flushing  nmethod 0x000001be952ed388
Event: 114.318 Thread 0x000001bea702f7a0 flushing  nmethod 0x000001be952ee308
Event: 114.318 Thread 0x000001bea702f7a0 flushing  nmethod 0x000001be952efe88
Event: 114.318 Thread 0x000001bea702f7a0 flushing  nmethod 0x000001be95453d88
Event: 114.318 Thread 0x000001bea702f7a0 flushing  nmethod 0x000001be956f6688
Event: 114.318 Thread 0x000001bea702f7a0 flushing  nmethod 0x000001be95830788

Events (20 events):
Event: 113.411 Thread 0x000001bec23ccbc0 Thread added: 0x000001bec55ce680
Event: 113.411 Thread 0x000001bec23ccbc0 Thread added: 0x000001bec55cbaa0
Event: 113.433 Thread 0x000001bec23ccbc0 Thread added: 0x000001bec55cb350
Event: 114.490 Thread 0x000001bec23ccbc0 Thread added: 0x000001bec55cf520
Event: 114.491 Thread 0x000001bec55cf520 Thread added: 0x000001bec55cc1f0
Event: 114.491 Thread 0x000001bec55cf520 Thread added: 0x000001bec55d03c0
Event: 114.491 Thread 0x000001bec55cf520 Thread added: 0x000001bec5752dc0
Event: 114.491 Thread 0x000001bec55cf520 Thread added: 0x000001bec57517d0
Event: 114.491 Thread 0x000001bec55cf520 Thread added: 0x000001bec5753510
Event: 114.492 Thread 0x000001bec55cf520 Thread added: 0x000001bec5753c60
Event: 114.492 Thread 0x000001bec55cf520 Thread added: 0x000001bec57543b0
Event: 114.492 Thread 0x000001bec55cf520 Thread added: 0x000001bec5757e30
Event: 114.492 Thread 0x000001bec55cf520 Thread added: 0x000001bec5758580
Event: 114.492 Thread 0x000001bec55cf520 Thread added: 0x000001bec23cda60
Event: 114.492 Thread 0x000001bec55cf520 Thread added: 0x000001bec23ce1b0
Event: 114.495 Thread 0x000001bec55cc1f0 Thread added: 0x000001bec23cb5d0
Event: 114.511 Thread 0x000001bea706d100 Thread added: 0x000001bec5693fe0
Event: 114.577 Thread 0x000001bec55cc1f0 Thread added: 0x000001bec23cc470
Event: 114.600 Thread 0x000001bec55cd7e0 Thread added: 0x000001bec23cbd20
Event: 114.600 Thread 0x000001bec23cbd20 Thread exited: 0x000001bec23cbd20


Dynamic libraries:
0x00007ff7cef00000 - 0x00007ff7cef10000 	C:\Program Files\Java\jdk-24\bin\java.exe
0x00007ffb01a00000 - 0x00007ffb01c67000 	C:\WINDOWS\SYSTEM32\ntdll.dll
0x00007ffb00ce0000 - 0x00007ffb00daa000 	C:\WINDOWS\System32\KERNEL32.DLL
0x00007ffafefb0000 - 0x00007ffaff3b2000 	C:\WINDOWS\System32\KERNELBASE.dll
0x00007ffafec10000 - 0x00007ffafed5c000 	C:\WINDOWS\System32\ucrtbase.dll
0x00007ffadf070000 - 0x00007ffadf086000 	C:\Program Files\Java\jdk-24\bin\jli.dll
0x00007ffadea90000 - 0x00007ffadeaab000 	C:\Program Files\Java\jdk-24\bin\VCRUNTIME140.dll
0x00007ffb007a0000 - 0x00007ffb0096f000 	C:\WINDOWS\System32\USER32.dll
0x00007ffae5a20000 - 0x00007ffae5cb0000 	C:\WINDOWS\WinSxS\amd64_microsoft.windows.common-controls_6595b64144ccf1df_6.0.26100.9278_none_3e0d1ba8e3303201\COMCTL32.dll
0x00007ffafee30000 - 0x00007ffafee57000 	C:\WINDOWS\System32\win32u.dll
0x00007ffb016f0000 - 0x00007ffb01799000 	C:\WINDOWS\System32\msvcrt.dll
0x00007ffb00500000 - 0x00007ffb0052b000 	C:\WINDOWS\System32\GDI32.dll
0x00007ffaff3c0000 - 0x00007ffaff4e9000 	C:\WINDOWS\System32\gdi32full.dll
0x00007ffaff680000 - 0x00007ffaff723000 	C:\WINDOWS\System32\msvcp_win.dll
0x00007ffb00980000 - 0x00007ffb009b1000 	C:\WINDOWS\System32\IMM32.DLL
0x00007ffaf0bd0000 - 0x00007ffaf0bdc000 	C:\Program Files\Java\jdk-24\bin\vcruntime140_1.dll
0x00007ffad77d0000 - 0x00007ffad785e000 	C:\Program Files\Java\jdk-24\bin\msvcp140.dll
0x00007ff9d20e0000 - 0x00007ff9d2e82000 	C:\Program Files\Java\jdk-24\bin\server\jvm.dll
0x00007ffb00b10000 - 0x00007ffb00bcc000 	C:\WINDOWS\System32\ADVAPI32.dll
0x00007ffb00a60000 - 0x00007ffb00b09000 	C:\WINDOWS\System32\sechost.dll
0x00007ffb00e40000 - 0x00007ffb00f58000 	C:\WINDOWS\System32\RPCRT4.dll
0x00007ffb00710000 - 0x00007ffb00790000 	C:\WINDOWS\System32\WS2_32.dll
0x00007ffafe8b0000 - 0x00007ffafe90e000 	C:\WINDOWS\SYSTEM32\POWRPROF.dll
0x00007ffaf7300000 - 0x00007ffaf730b000 	C:\WINDOWS\SYSTEM32\VERSION.dll
0x00007ffaf72c0000 - 0x00007ffaf72f6000 	C:\WINDOWS\SYSTEM32\WINMM.dll
0x00007ffafe890000 - 0x00007ffafe8a5000 	C:\WINDOWS\SYSTEM32\UMPDC.dll
0x00007ffafd8d0000 - 0x00007ffafd8eb000 	C:\WINDOWS\SYSTEM32\kernel.appcore.dll
0x00007ffade7d0000 - 0x00007ffade7da000 	C:\Program Files\Java\jdk-24\bin\jimage.dll
0x00007ffaf29c0000 - 0x00007ffaf2c02000 	C:\WINDOWS\SYSTEM32\DBGHELP.DLL
0x00007ffb01280000 - 0x00007ffb01604000 	C:\WINDOWS\System32\combase.dll
0x00007ffb01610000 - 0x00007ffb016e9000 	C:\WINDOWS\System32\OLEAUT32.dll
0x00007ffae7410000 - 0x00007ffae744b000 	C:\WINDOWS\SYSTEM32\dbgcore.DLL
0x00007ffafee60000 - 0x00007ffafef0c000 	C:\WINDOWS\System32\bcryptPrimitives.dll
0x00007ffade7c0000 - 0x00007ffade7cf000 	C:\Program Files\Java\jdk-24\bin\instrument.dll
0x00007ffade0e0000 - 0x00007ffade0fe000 	C:\Program Files\Java\jdk-24\bin\java.dll
0x00007ffb017a0000 - 0x00007ffb01939000 	C:\WINDOWS\System32\ole32.dll
0x00007ffaff730000 - 0x00007ffaffec8000 	C:\WINDOWS\System32\SHELL32.dll
0x00007ffafc650000 - 0x00007ffafcefe000 	C:\WINDOWS\SYSTEM32\windows.storage.dll
0x00007ffb00be0000 - 0x00007ffb00cdb000 	C:\WINDOWS\System32\SHCORE.dll
0x00007ffb009c0000 - 0x00007ffb00a26000 	C:\WINDOWS\System32\shlwapi.dll
0x00007ffafeb30000 - 0x00007ffafeb59000 	C:\WINDOWS\SYSTEM32\profapi.dll
0x00007ffa294e0000 - 0x00007ffa295b7000 	C:\Program Files\Java\jdk-24\bin\jsvml.dll
0x00007ffadaab0000 - 0x00007ffadaac7000 	C:\Program Files\Java\jdk-24\bin\zip.dll
0x00007ffadaaa0000 - 0x00007ffadaab0000 	C:\Program Files\Java\jdk-24\bin\net.dll
0x00007ffafde90000 - 0x00007ffafdefc000 	C:\WINDOWS\system32\mswsock.dll
0x00007ffadaa80000 - 0x00007ffadaa96000 	C:\Program Files\Java\jdk-24\bin\nio.dll
0x00007ffadaa20000 - 0x00007ffadaa30000 	C:\Program Files\Java\jdk-24\bin\verify.dll
0x00007ffad5600000 - 0x00007ffad5627000 	C:\Users\abhil\.gradle\native\660c5614fbf4a5f2a75b1949f50a0caf5cd603558e7d8a26e50b933a0cfb79d1\windows-amd64\native-platform.dll
0x00007ffa587a0000 - 0x00007ffa58817000 	C:\Users\abhil\.gradle\native\0.2.8\x86_64-windows-gnu\gradle-fileevents.dll
0x00007ffadaa70000 - 0x00007ffadaa7a000 	C:\Program Files\Java\jdk-24\bin\management.dll
0x00007ffada680000 - 0x00007ffada68b000 	C:\Program Files\Java\jdk-24\bin\management_ext.dll
0x00007ffb01270000 - 0x00007ffb01278000 	C:\WINDOWS\System32\PSAPI.DLL
0x00007ffafd2e0000 - 0x00007ffafd313000 	C:\WINDOWS\SYSTEM32\IPHLPAPI.DLL
0x00007ffb00a30000 - 0x00007ffb00a3a000 	C:\WINDOWS\System32\NSI.dll
0x00007ffada670000 - 0x00007ffada679000 	C:\Program Files\Java\jdk-24\bin\extnet.dll
0x00007ffafe180000 - 0x00007ffafe19b000 	C:\WINDOWS\SYSTEM32\CRYPTSP.dll
0x00007ffafd830000 - 0x00007ffafd869000 	C:\WINDOWS\system32\rsaenh.dll
0x00007ffafdf40000 - 0x00007ffafdf74000 	C:\WINDOWS\SYSTEM32\USERENV.dll
0x00007ffafeb00000 - 0x00007ffafeb2a000 	C:\WINDOWS\SYSTEM32\bcrypt.dll
0x00007ffafe1a0000 - 0x00007ffafe1ac000 	C:\WINDOWS\SYSTEM32\CRYPTBASE.dll
0x00007ffada660000 - 0x00007ffada66e000 	C:\Program Files\Java\jdk-24\bin\sunmscapi.dll
0x00007ffaff4f0000 - 0x00007ffaff66e000 	C:\WINDOWS\System32\CRYPT32.dll
0x00007ffafe430000 - 0x00007ffafe460000 	C:\WINDOWS\SYSTEM32\ncrypt.dll
0x00007ffafe3e0000 - 0x00007ffafe41f000 	C:\WINDOWS\SYSTEM32\NTASN1.dll
0x00007ffa8a580000 - 0x00007ffa8a588000 	C:\WINDOWS\system32\wshunix.dll

JVMTI agents:
C:\Users\abhil\.gradle\wrapper\dists\gradle-9.5.1-bin\iq79hdu3mqx29lgffhp8bfmx\gradle-9.5.1\lib\agents\gradle-instrumentation-agent-9.5.1.jar path:C:\Program Files\Java\jdk-24\bin\instrument.dll, loaded, initialized, instrumentlib options:none

dbghelp: loaded successfully - version: 4.0.5 - missing functions: none
symbol engine: initialized successfully - sym options: 0x614 - pdb path: .;C:\Program Files\Java\jdk-24\bin;C:\WINDOWS\SYSTEM32;C:\WINDOWS\WinSxS\amd64_microsoft.windows.common-controls_6595b64144ccf1df_6.0.26100.9278_none_3e0d1ba8e3303201;C:\Program Files\Java\jdk-24\bin\server;C:\Users\abhil\.gradle\native\660c5614fbf4a5f2a75b1949f50a0caf5cd603558e7d8a26e50b933a0cfb79d1\windows-amd64;C:\Users\abhil\.gradle\native\0.2.8\x86_64-windows-gnu

VM Arguments:
jvm_args: --add-opens=java.base/java.lang=ALL-UNNAMED --add-opens=java.base/java.lang.invoke=ALL-UNNAMED --add-opens=java.base/java.util=ALL-UNNAMED --add-opens=java.prefs/java.util.prefs=ALL-UNNAMED --add-exports=jdk.compiler/com.sun.tools.javac.api=ALL-UNNAMED --add-exports=jdk.compiler/com.sun.tools.javac.util=ALL-UNNAMED --add-opens=java.base/java.nio.charset=ALL-UNNAMED --add-opens=java.base/java.net=ALL-UNNAMED --add-opens=java.base/java.util.concurrent=ALL-UNNAMED --add-opens=java.base/java.util.concurrent.atomic=ALL-UNNAMED --add-opens=java.xml/javax.xml.namespace=ALL-UNNAMED --add-opens=java.base/java.time=ALL-UNNAMED --enable-native-access=ALL-UNNAMED -XX:MaxMetaspaceSize=384m -XX:+HeapDumpOnOutOfMemoryError -Xms256m -Xmx512m -Dfile.encoding=UTF-8 -Duser.country=IN -Duser.language=en -Duser.variant -javaagent:C:\Users\abhil\.gradle\wrapper\dists\gradle-9.5.1-bin\iq79hdu3mqx29lgffhp8bfmx\gradle-9.5.1\lib\agents\gradle-instrumentation-agent-9.5.1.jar 
java_command: org.gradle.launcher.daemon.bootstrap.GradleDaemon 9.5.1
java_class_path (initial): C:\Users\abhil\.gradle\wrapper\dists\gradle-9.5.1-bin\iq79hdu3mqx29lgffhp8bfmx\gradle-9.5.1\lib\gradle-daemon-main-9.5.1.jar
Launcher Type: SUN_STANDARD

[Global flags]
     intx CICompilerCount                          = 4                                         {product} {ergonomic}
   size_t CompressedClassSpaceSize                 = 335544320                                 {product} {ergonomic}
     uint ConcGCThreads                            = 3                                         {product} {ergonomic}
     uint G1ConcRefinementThreads                  = 10                                        {product} {ergonomic}
   size_t G1HeapRegionSize                         = 1048576                                   {product} {ergonomic}
     bool HeapDumpOnOutOfMemoryError               = true                                   {manageable} {command line}
   size_t InitialHeapSize                          = 268435456                                 {product} {command line}
   size_t MarkStackSize                            = 4194304                                   {product} {ergonomic}
   size_t MarkStackSizeMax                         = 536870912                                 {product} {ergonomic}
   size_t MaxHeapSize                              = 536870912                                 {product} {command line}
   size_t MaxMetaspaceSize                         = 402653184                                 {product} {command line}
   size_t MaxNewSize                               = 321912832                                 {product} {ergonomic}
   size_t MinHeapDeltaBytes                        = 1048576                                   {product} {ergonomic}
   size_t MinHeapSize                              = 268435456                                 {product} {command line}
    uintx NonNMethodCodeHeapSize                   = 5832704                                {pd product} {ergonomic}
    uintx NonProfiledCodeHeapSize                  = 122945536                              {pd product} {ergonomic}
    uintx ProfiledCodeHeapSize                     = 122880000                              {pd product} {ergonomic}
    uintx ReservedCodeCacheSize                    = 251658240                              {pd product} {ergonomic}
     bool SegmentedCodeCache                       = true                                      {product} {ergonomic}
   size_t SoftMaxHeapSize                          = 536870912                              {manageable} {ergonomic}
     bool UseCompressedOops                        = true                           {product lp64_product} {ergonomic}
     bool UseG1GC                                  = true                                      {product} {ergonomic}
     bool UseLargePagesIndividualAllocation        = false                                  {pd product} {ergonomic}

Logging:
Log output configuration:
 #0: stdout all=warning uptime,level,tags foldmultilines=false
 #1: stderr all=off uptime,level,tags foldmultilines=false

Environment Variables:
PATH=C:\Program Files (x86)\VMware\VMware Player\bin\;C:\Program Files\Common Files\Oracle\Java\javapath;C:\WINDOWS\system32;C:\WINDOWS;C:\WINDOWS\System32\Wbem;C:\WINDOWS\System32\WindowsPowerShell\v1.0\;C:\WINDOWS\System32\OpenSSH\;C:\Program Files\MySQL\MySQL Server 8.0\bin;C:\Program Files\Git\cmd;C:\Program Files\Java\jdk-24\bin;C:\Program Files\MySQL\MySQL Server 8.0\bin;C:\Program Files\Java\jdk-24\bin;C:\Program Files\Java\jdk-24\bin\jar.exe;C:\Program Files\dotnet\;C:\Program Files\MySQL\MySQL Server 8.0\bin;C:\Users\abhil\AppData\Local\Microsoft\WindowsApps;C:\Program Files\Java\jdk-24\bin;C:\Program Files\JetBrains\IntelliJ IDEA Community Edition 2022.3.3\bin;;C:\Users\abhil\AppData\Local\Programs\Microsoft VS Code\bin;C:\Program Files\Java\jdk-17\bin\jar.exe;C:\Program Files\Java\jdk-24\bin\jar.exe;C:\Program Files\JetBrains\IntelliJ IDEA 2026.1.2\bin
USERNAME=abhil
OS=Windows_NT
PROCESSOR_IDENTIFIER=AMD64 Family 25 Model 80 Stepping 0, AuthenticAMD
TMP=C:\Users\abhil\AppData\Local\Temp
TEMP=C:\Users\abhil\AppData\Local\Temp




Periodic native trim disabled

---------------  S Y S T E M  ---------------

OS:
 Windows 11 , 64 bit Build 26100 (10.0.26100.9278)
OS uptime: 0 days 10:36 hours
Hyper-V role detected

CPU: total 12 (initial active 12) (12 cores per cpu, 2 threads per core) family 25 model 80 stepping 0 microcode 0xa50000d, cx8, cmov, fxsr, ht, mmx, 3dnowpref, sse, sse2, sse3, ssse3, sse4a, sse4.1, sse4.2, popcnt, lzcnt, tsc, tscinvbit, avx, avx2, aes, erms, clmul, bmi1, bmi2, adx, sha, fma, vzeroupper, clflush, clflushopt, hv, rdtscp, rdpid, fsrm, f16c, cet_ss
Processor Information for processor 0
  Max Mhz: 2301, Current Mhz: 2301, Mhz Limit: 2301
Processor Information for processor 1
  Max Mhz: 2301, Current Mhz: 2301, Mhz Limit: 2301
Processor Information for processor 2
  Max Mhz: 2301, Current Mhz: 1798, Mhz Limit: 2301
Processor Information for processor 3
  Max Mhz: 2301, Current Mhz: 2301, Mhz Limit: 2301
Processor Information for processor 4
  Max Mhz: 2301, Current Mhz: 2301, Mhz Limit: 2301
Processor Information for processor 5
  Max Mhz: 2301, Current Mhz: 2301, Mhz Limit: 2301
Processor Information for processor 6
  Max Mhz: 2301, Current Mhz: 2301, Mhz Limit: 2301
Processor Information for processor 7
  Max Mhz: 2301, Current Mhz: 2301, Mhz Limit: 2301
Processor Information for processor 8
  Max Mhz: 2301, Current Mhz: 2301, Mhz Limit: 2301
Processor Information for processor 9
  Max Mhz: 2301, Current Mhz: 2301, Mhz Limit: 2301
Processor Information for processor 10
  Max Mhz: 2301, Current Mhz: 2301, Mhz Limit: 2301
Processor Information for processor 11
  Max Mhz: 2301, Current Mhz: 2301, Mhz Limit: 2301

Memory: 4k page, system-wide physical 15712M (1533M free)
TotalPageFile size 27266M (AvailPageFile size 19M)
current process WorkingSet (physical memory assigned to process): 525M, peak: 529M
current process commit charge ("private bytes"): 577M, peak: 591M

vm_info: Java HotSpot(TM) 64-Bit Server VM (24.0.1+9-30) for windows-amd64 JRE (24.0.1+9-30), built on 2025-03-05T07:23:45Z with MS VC++ 17.6 (VS2022)

END.
